"STATION","species1","species2","overlap"
"VINS","DOWO","HAWO",0.569088178584352
"VINS","DOWO","TRFL",0.375484682122118
"VINS","DOWO","LEFL",0.0584866388234014
"VINS","DOWO","WEVI",4.01318796822859e-11
"VINS","DOWO","BEVI",1.19088941274389e-16
"VINS","DOWO","CACH",0.566892720524692
"VINS","DOWO","TUTI",0.137204364069375
"VINS","DOWO","CARW",0.320468673093997
"VINS","DOWO","BGGN",0.00211613954903759
"VINS","DOWO","GRCA",0.00279345989685065
"VINS","DOWO","BRTH",0.833877614050445
"VINS","DOWO","BAWW",2.11052616138723e-16
"VINS","DOWO","PROW",3.1458187766927e-09
"VINS","DOWO","KEWA",0.61706701769352
"VINS","DOWO","MOWA",0.596810368161703
"VINS","DOWO","COYE",0.664070586362855
"VINS","DOWO","YBCH",0.8439118233378
"VINS","DOWO","FISP",1.85324488574701e-06
"VINS","DOWO","NOCA",0.0476601620948717
"VINS","DOWO","INBU",0.402625551694638
"VINS","DOWO","PABU",0.616426247858937
"VINS","DOWO","DICK",1.83214462752818e-08
"VINS","DOWO","RWBL",0.697668285645455
"VINS","DOWO","BHCO",0.0200592298610016
"VINS","DOWO","OROR",0.869606942548869
"VINS","DOWO","AMGO",0.0061905980559739
"VINS","HAWO","TRFL",0.719697579313398
"VINS","HAWO","LEFL",0.166333819506113
"VINS","HAWO","WEVI",9.96246304755676e-17
"VINS","HAWO","BEVI",1.36185977635576e-16
"VINS","HAWO","CACH",0.858962365239338
"VINS","HAWO","TUTI",0.0236745545226279
"VINS","HAWO","CARW",0.663599235231986
"VINS","HAWO","BGGN",1.1919156410524e-05
"VINS","HAWO","GRCA",2.43511126234577e-05
"VINS","HAWO","BRTH",0.490407432149843
"VINS","HAWO","BAWW",1.02806457639432e-16
"VINS","HAWO","PROW",2.17256768716389e-11
"VINS","HAWO","KEWA",0.300094663758145
"VINS","HAWO","MOWA",0.293544893393493
"VINS","HAWO","COYE",0.715788599934861
"VINS","HAWO","YBCH",0.677241141090061
"VINS","HAWO","FISP",2.00579628345697e-12
"VINS","HAWO","NOCA",0.0036428765556089
"VINS","HAWO","INBU",0.171735223499007
"VINS","HAWO","PABU",0.299508328091602
"VINS","HAWO","DICK",2.23682141229651e-11
"VINS","HAWO","RWBL",0.36689570212939
"VINS","HAWO","BHCO",0.00178580311232619
"VINS","HAWO","OROR",0.577801226573594
"VINS","HAWO","AMGO",0.00160831622408438
"VINS","TRFL","LEFL",0.22327418589029
"VINS","TRFL","WEVI",1.48493639873593e-13
"VINS","TRFL","BEVI",1.52265904276844e-16
"VINS","TRFL","CACH",0.787970683022042
"VINS","TRFL","TUTI",0.0314273754447533
"VINS","TRFL","CARW",0.884446526715566
"VINS","TRFL","BGGN",0.000119095429207381
"VINS","TRFL","GRCA",0.000192939869118345
"VINS","TRFL","BRTH",0.330361889118636
"VINS","TRFL","BAWW",1.25764453737073e-16
"VINS","TRFL","PROW",3.44977707848622e-10
"VINS","TRFL","KEWA",0.200359235508586
"VINS","TRFL","MOWA",0.193485561999144
"VINS","TRFL","COYE",0.67643403630871
"VINS","TRFL","YBCH",0.483903525950993
"VINS","TRFL","FISP",5.40331001376989e-09
"VINS","TRFL","NOCA",0.00814335523095457
"VINS","TRFL","INBU",0.132021737045638
"VINS","TRFL","PABU",0.19646759993621
"VINS","TRFL","DICK",8.69748883805334e-10
"VINS","TRFL","RWBL",0.247999193324935
"VINS","TRFL","BHCO",0.00407066911027774
"VINS","TRFL","OROR",0.414251135171523
"VINS","TRFL","AMGO",0.00439562130709214
"VINS","LEFL","WEVI",1.01555515980881e-16
"VINS","LEFL","BEVI",1.34945333642893e-16
"VINS","LEFL","CACH",0.206700239349372
"VINS","LEFL","TUTI",3.57415960950527e-06
"VINS","LEFL","CARW",0.210324573177173
"VINS","LEFL","BGGN",1.96894778161978e-12
"VINS","LEFL","GRCA",1.3521838746242e-11
"VINS","LEFL","BRTH",0.0560466171739334
"VINS","LEFL","BAWW",1.368117085951e-16
"VINS","LEFL","PROW",7.68427566044631e-16
"VINS","LEFL","KEWA",0.0172658660470743
"VINS","LEFL","MOWA",0.0132995273024817
"VINS","LEFL","COYE",0.240088938726474
"VINS","LEFL","YBCH",0.0857743779134685
"VINS","LEFL","FISP",1.42901730665039e-16
"VINS","LEFL","NOCA",6.54757505558399e-08
"VINS","LEFL","INBU",0.0111633666678659
"VINS","LEFL","PABU",0.008739259160083
"VINS","LEFL","DICK",1.75913515263328e-16
"VINS","LEFL","RWBL",0.0216049034703073
"VINS","LEFL","BHCO",1.22446455514796e-06
"VINS","LEFL","OROR",0.0813764858023882
"VINS","LEFL","AMGO",2.23028013637245e-11
"VINS","WEVI","BEVI",0.00481490460444898
"VINS","WEVI","CACH",7.37868886009248e-05
"VINS","WEVI","TUTI",0.0129287856995505
"VINS","WEVI","CARW",1.70390831388279e-08
"VINS","WEVI","BGGN",0.0626204770269748
"VINS","WEVI","GRCA",0.0995006458259191
"VINS","WEVI","BRTH",0.0110075872886517
"VINS","WEVI","BAWW",0.413964021677865
"VINS","WEVI","PROW",0.127418145142194
"VINS","WEVI","KEWA",0.00632442617787331
"VINS","WEVI","MOWA",0.00120378527532954
"VINS","WEVI","COYE",9.98456051073081e-09
"VINS","WEVI","YBCH",4.2797923314823e-09
"VINS","WEVI","FISP",0.635007513660182
"VINS","WEVI","NOCA",0.0190685636821236
"VINS","WEVI","INBU",0.00754231576704814
"VINS","WEVI","PABU",1.77600957794289e-06
"VINS","WEVI","DICK",0.704462562739264
"VINS","WEVI","RWBL",2.2011473730242e-11
"VINS","WEVI","BHCO",0.213224376723155
"VINS","WEVI","OROR",0.000165668217412691
"VINS","WEVI","AMGO",0.0758715319268794
"VINS","BEVI","CACH",1.7594409147788e-16
"VINS","BEVI","TUTI",2.85810250567256e-16
"VINS","BEVI","CARW",1.38567616316354e-16
"VINS","BEVI","BGGN",1.93180496279144e-11
"VINS","BEVI","GRCA",1.48536722791401e-08
"VINS","BEVI","BRTH",1.9447869886662e-16
"VINS","BEVI","BAWW",9.2239365943438e-07
"VINS","BEVI","PROW",0.440145225624688
"VINS","BEVI","KEWA",1.22523059732885e-07
"VINS","BEVI","MOWA",1.37095057078776e-16
"VINS","BEVI","COYE",1.45111538926217e-16
"VINS","BEVI","YBCH",1.28163325529539e-16
"VINS","BEVI","FISP",0.00501083013332576
"VINS","BEVI","NOCA",4.29533819611082e-15
"VINS","BEVI","INBU",1.40758446677318e-16
"VINS","BEVI","PABU",1.3392716637554e-16
"VINS","BEVI","DICK",0.216358164256024
"VINS","BEVI","RWBL",1.6110817477613e-16
"VINS","BEVI","BHCO",1.61857774579274e-05
"VINS","BEVI","OROR",1.43776860886815e-16
"VINS","BEVI","AMGO",3.68714519132019e-08
"VINS","CACH","TUTI",0.0740413527054519
"VINS","CACH","CARW",0.729369186253818
"VINS","CACH","BGGN",0.0162334987540006
"VINS","CACH","GRCA",0.016892097913565
"VINS","CACH","BRTH",0.516518615147128
"VINS","CACH","BAWW",8.42274892098968e-06
"VINS","CACH","PROW",4.50484047706306e-06
"VINS","CACH","KEWA",0.352541760065535
"VINS","CACH","MOWA",0.345150440742725
"VINS","CACH","COYE",0.78920419421719
"VINS","CACH","YBCH",0.681252097297273
"VINS","CACH","FISP",0.00393242020849321
"VINS","CACH","NOCA",0.0421633373345843
"VINS","CACH","INBU",0.221142203279989
"VINS","CACH","PABU",0.348072367683508
"VINS","CACH","DICK",8.1634187899396e-05
"VINS","CACH","RWBL",0.40543142031946
"VINS","CACH","BHCO",0.0305027982784385
"VINS","CACH","OROR",0.610706395291001
"VINS","CACH","AMGO",0.0203029188086406
"VINS","TUTI","CARW",0.0483378150169738
"VINS","TUTI","BGGN",0.394856202274555
"VINS","TUTI","GRCA",0.405529450564928
"VINS","TUTI","BRTH",0.134041835454558
"VINS","TUTI","BAWW",0.013164159159845
"VINS","TUTI","PROW",0.000274939534262312
"VINS","TUTI","KEWA",0.262598640219889
"VINS","TUTI","MOWA",0.284488922076136
"VINS","TUTI","COYE",0.0755603832596851
"VINS","TUTI","YBCH",0.142537396875795
"VINS","TUTI","FISP",0.00417280418692807
"VINS","TUTI","NOCA",0.7496349689421
"VINS","TUTI","INBU",0.395308027934258
"VINS","TUTI","PABU",0.355536520347659
"VINS","TUTI","DICK",0.00691494074417622
"VINS","TUTI","RWBL",0.195392096005289
"VINS","TUTI","BHCO",0.451620033007839
"VINS","TUTI","OROR",0.164001544326694
"VINS","TUTI","AMGO",0.259211391977381
"VINS","CARW","BGGN",0.0137675811870573
"VINS","CARW","GRCA",0.0154595292749521
"VINS","CARW","BRTH",0.292611104840485
"VINS","CARW","BAWW",2.96832909657698e-12
"VINS","CARW","PROW",4.41790804065704e-08
"VINS","CARW","KEWA",0.207799418704228
"VINS","CARW","MOWA",0.203133453117065
"VINS","CARW","COYE",0.586723611060329
"VINS","CARW","YBCH",0.423144729590409
"VINS","CARW","FISP",0.000311367546364106
"VINS","CARW","NOCA",0.0269788841073271
"VINS","CARW","INBU",0.159950401023881
"VINS","CARW","PABU",0.205801640583548
"VINS","CARW","DICK",4.99934674812527e-07
"VINS","CARW","RWBL",0.248242497164078
"VINS","CARW","BHCO",0.0230606022060035
"VINS","CARW","OROR",0.366062578841551
"VINS","CARW","AMGO",0.0136238346323794
"VINS","BGGN","GRCA",0.857753109227931
"VINS","BGGN","BRTH",0.0241748328352804
"VINS","BGGN","BAWW",0.17307490043042
"VINS","BGGN","PROW",0.0017875970796764
"VINS","BGGN","KEWA",0.0450022858964421
"VINS","BGGN","MOWA",0.0476600768535132
"VINS","BGGN","COYE",0.00131113886439736
"VINS","BGGN","YBCH",0.00252774552673377
"VINS","BGGN","FISP",0.0156198430726815
"VINS","BGGN","NOCA",0.558890934300165
"VINS","BGGN","INBU",0.0999987882777699
"VINS","BGGN","PABU",0.03784195272399
"VINS","BGGN","DICK",0.041728633458832
"VINS","BGGN","RWBL",0.00787877198529925
"VINS","BGGN","BHCO",0.729435426419815
"VINS","BGGN","OROR",0.0333778151270258
"VINS","BGGN","AMGO",0.672823558429167
"VINS","GRCA","BRTH",0.0246904733154871
"VINS","GRCA","BAWW",0.176265325608218
"VINS","GRCA","PROW",0.00578361181995102
"VINS","GRCA","KEWA",0.0472292701256748
"VINS","GRCA","MOWA",0.049267247684476
"VINS","GRCA","COYE",0.00164711649253617
"VINS","GRCA","YBCH",0.00326520494568499
"VINS","GRCA","FISP",0.0448195282869107
"VINS","GRCA","NOCA",0.616896095595648
"VINS","GRCA","INBU",0.104021778054348
"VINS","GRCA","PABU",0.0416563964328869
"VINS","GRCA","DICK",0.0772545090908039
"VINS","GRCA","RWBL",0.00991004671195526
"VINS","GRCA","BHCO",0.743580300586951
"VINS","GRCA","OROR",0.0341432137030096
"VINS","GRCA","AMGO",0.72802928389477
"VINS","BRTH","BAWW",0.0113205395069188
"VINS","BRTH","PROW",0.000142327374890162
"VINS","BRTH","KEWA",0.699431638961605
"VINS","BRTH","MOWA",0.648694554916229
"VINS","BRTH","COYE",0.611767338608439
"VINS","BRTH","YBCH",0.769005892434663
"VINS","BRTH","FISP",0.000772960865677895
"VINS","BRTH","NOCA",0.0598178746956569
"VINS","BRTH","INBU",0.41473012442764
"VINS","BRTH","PABU",0.685894612237392
"VINS","BRTH","DICK",0.00517941629855098
"VINS","BRTH","RWBL",0.819922563673706
"VINS","BRTH","BHCO",0.0392286116400402
"VINS","BRTH","OROR",0.857050588917799
"VINS","BRTH","AMGO",0.0283368469586627
"VINS","BAWW","PROW",0.0454269313663648
"VINS","BAWW","KEWA",0.00537394755913709
"VINS","BAWW","MOWA",0.000410002747873086
"VINS","BAWW","COYE",7.22313468157376e-11
"VINS","BAWW","YBCH",5.57717564401719e-12
"VINS","BAWW","FISP",0.172289990574449
"VINS","BAWW","NOCA",0.0261521187081664
"VINS","BAWW","INBU",0.00800593956058929
"VINS","BAWW","PABU",2.11906179776449e-08
"VINS","BAWW","DICK",0.300368639060319
"VINS","BAWW","RWBL",1.14649120098047e-16
"VINS","BAWW","BHCO",0.35417655718037
"VINS","BAWW","OROR",1.74918168739043e-05
"VINS","BAWW","AMGO",0.122069758112494
"VINS","PROW","KEWA",0.00488851486433697
"VINS","PROW","MOWA",1.57950413470086e-05
"VINS","PROW","COYE",3.20678504681722e-08
"VINS","PROW","YBCH",2.09032862684909e-08
"VINS","PROW","FISP",0.151936060445436
"VINS","PROW","NOCA",0.000419125933596466
"VINS","PROW","INBU",7.34828718645379e-05
"VINS","PROW","PABU",4.45045576092003e-07
"VINS","PROW","DICK",0.422961915337314
"VINS","PROW","RWBL",3.53131383572627e-09
"VINS","PROW","BHCO",0.0156807215906626
"VINS","PROW","OROR",5.42775932228298e-06
"VINS","PROW","AMGO",0.0124302890886035
"VINS","KEWA","MOWA",0.899571803817537
"VINS","KEWA","COYE",0.433772542751602
"VINS","KEWA","YBCH",0.618491677279664
"VINS","KEWA","FISP",0.00787046755833498
"VINS","KEWA","NOCA",0.132934420712914
"VINS","KEWA","INBU",0.607633932682895
"VINS","KEWA","PABU",0.842365131836443
"VINS","KEWA","DICK",0.00554135213340803
"VINS","KEWA","RWBL",0.761162557929449
"VINS","KEWA","BHCO",0.0845186148223131
"VINS","KEWA","OROR",0.655994676621877
"VINS","KEWA","AMGO",0.0465819197066683
"VINS","MOWA","COYE",0.42631779784301
"VINS","MOWA","YBCH",0.60490525783378
"VINS","MOWA","FISP",0.0017574515156699
"VINS","MOWA","NOCA",0.141644663945402
"VINS","MOWA","INBU",0.680916985562486
"VINS","MOWA","PABU",0.844266147225586
"VINS","MOWA","DICK",0.000589800471042528
"VINS","MOWA","RWBL",0.706214037740303
"VINS","MOWA","BHCO",0.0821172615338229
"VINS","MOWA","OROR",0.62787932429977
"VINS","MOWA","AMGO",0.048309809162907
"VINS","COYE","YBCH",0.759744267291701
"VINS","COYE","FISP",1.12091540904982e-05
"VINS","COYE","NOCA",0.0245394831860476
"VINS","COYE","INBU",0.276575294336303
"VINS","COYE","PABU",0.432293309434439
"VINS","COYE","DICK",1.90966320348441e-07
"VINS","COYE","RWBL",0.499335964100208
"VINS","COYE","BHCO",0.0117617114194804
"VINS","COYE","OROR",0.697512199110455
"VINS","COYE","AMGO",0.00555923806857297
"VINS","YBCH","FISP",1.37218542106638e-05
"VINS","YBCH","NOCA",0.0485310134061476
"VINS","YBCH","INBU",0.42148006665522
"VINS","YBCH","PABU",0.614073771921425
"VINS","YBCH","DICK",1.3485072833511e-07
"VINS","YBCH","RWBL",0.652263476295094
"VINS","YBCH","BHCO",0.0204978737966358
"VINS","YBCH","OROR",0.872729486734122
"VINS","YBCH","AMGO",0.0066010318331625
"VINS","FISP","NOCA",0.00457589988511133
"VINS","FISP","INBU",0.00183550573655489
"VINS","FISP","PABU",0.00236406254202361
"VINS","FISP","DICK",0.572181863470435
"VINS","FISP","RWBL",9.38513237300685e-06
"VINS","FISP","BHCO",0.0854102486892248
"VINS","FISP","OROR",0.00393272886206357
"VINS","FISP","AMGO",0.0434951301769802
"VINS","NOCA","INBU",0.245484405747405
"VINS","NOCA","PABU",0.192379912670457
"VINS","NOCA","DICK",0.0104174779920929
"VINS","NOCA","RWBL",0.117157762493803
"VINS","NOCA","BHCO",0.578018967401185
"VINS","NOCA","OROR",0.0813750818574022
"VINS","NOCA","AMGO",0.430990457793784
"VINS","INBU","PABU",0.696086036401089
"VINS","INBU","DICK",0.00303530771689374
"VINS","INBU","RWBL",0.47765735033159
"VINS","INBU","BHCO",0.159508838843469
"VINS","INBU","OROR",0.408594664131218
"VINS","INBU","AMGO",0.0736307734836825
"VINS","PABU","DICK",6.39143773664094e-06
"VINS","PABU","RWBL",0.764199019237319
"VINS","PABU","BHCO",0.0962836536726455
"VINS","PABU","OROR",0.644523838993493
"VINS","PABU","AMGO",0.0217681534340809
"VINS","DICK","RWBL",2.29268993298881e-08
"VINS","DICK","BHCO",0.16282834205175
"VINS","DICK","OROR",0.000135785205450537
"VINS","DICK","AMGO",0.061431259115968
"VINS","RWBL","BHCO",0.0472889140492919
"VINS","RWBL","OROR",0.732389950736189
"VINS","RWBL","AMGO",0.00998618304214117
"VINS","BHCO","OROR",0.0534270955211727
"VINS","BHCO","AMGO",0.564457803619698
"VINS","OROR","AMGO",0.0373003635743233
"PATT","RNSA","DOWO",1.72409142339874e-16
"PATT","RNSA","WIFL",0.432012606240261
"PATT","RNSA","DUFL",0.298702731957364
"PATT","RNSA","WAVI",1.19552382759791e-07
"PATT","RNSA","BCCH",0.0836196092553773
"PATT","RNSA","HOWR",0.132881754124217
"PATT","RNSA","VEER",0.389501441400818
"PATT","RNSA","AMRO",0.0172589441002007
"PATT","RNSA","CEDW",0.249683087464352
"PATT","RNSA","OCWA",0.435227412763127
"PATT","RNSA","YEWA",0.30014442880552
"PATT","RNSA","AUWA",0.212757064676369
"PATT","RNSA","MGWA",0.640749382686794
"PATT","RNSA","YBCH",1.47662149436849e-16
"PATT","RNSA","WETA",0.199518452406903
"PATT","RNSA","GTTO",4.67043559697533e-09
"PATT","RNSA","SPTO",0.00457318870842513
"PATT","RNSA","SOSP",0.355961600220338
"PATT","RNSA","LAZB",0.0488878863835395
"PATT","RNSA","BUOR",0.268684223581296
"PATT","RNSA","PISI",0.0355212746838521
"PATT","RNSA","AMGO",0.201992908198945
"PATT","DOWO","WIFL",1.64599607897713e-06
"PATT","DOWO","DUFL",1.49940911021344e-16
"PATT","DOWO","WAVI",0.0305025952594876
"PATT","DOWO","BCCH",0.030360901120842
"PATT","DOWO","HOWR",0.0188680066369893
"PATT","DOWO","VEER",4.53465424713793e-14
"PATT","DOWO","AMRO",0.012014829424599
"PATT","DOWO","CEDW",1.60124673559654e-14
"PATT","DOWO","OCWA",8.4402114702142e-09
"PATT","DOWO","YEWA",1.27781655732669e-16
"PATT","DOWO","AUWA",2.61039147355365e-11
"PATT","DOWO","MGWA",0.00248542161876971
"PATT","DOWO","YBCH",0.203132435152279
"PATT","DOWO","WETA",0.000297511406048922
"PATT","DOWO","GTTO",0.087714366125215
"PATT","DOWO","SPTO",0.015859642410685
"PATT","DOWO","SOSP",1.56006235784431e-16
"PATT","DOWO","LAZB",0.00722065346820614
"PATT","DOWO","BUOR",2.55167673196566e-16
"PATT","DOWO","PISI",0.000339444731675652
"PATT","DOWO","AMGO",2.7847200179045e-16
"PATT","WIFL","DUFL",0.519266490610899
"PATT","WIFL","WAVI",0.00450350116660982
"PATT","WIFL","BCCH",0.133151499688488
"PATT","WIFL","HOWR",0.180490167277008
"PATT","WIFL","VEER",0.56994749989051
"PATT","WIFL","AMRO",0.0634424304412498
"PATT","WIFL","CEDW",0.67132917423963
"PATT","WIFL","OCWA",0.506220455650281
"PATT","WIFL","YEWA",0.461189762020564
"PATT","WIFL","AUWA",0.592099287594701
"PATT","WIFL","MGWA",0.632000689651373
"PATT","WIFL","YBCH",0.000100710814972414
"PATT","WIFL","WETA",0.275351979613753
"PATT","WIFL","GTTO",0.00290899461220226
"PATT","WIFL","SPTO",0.0420664668145261
"PATT","WIFL","SOSP",0.495739659338148
"PATT","WIFL","LAZB",0.0825046599311971
"PATT","WIFL","BUOR",0.187975702070764
"PATT","WIFL","PISI",0.0882674891726905
"PATT","WIFL","AMGO",0.554041356928093
"PATT","DUFL","WAVI",6.70708709088286e-10
"PATT","DUFL","BCCH",0.0438920630749952
"PATT","DUFL","HOWR",0.0454535980179512
"PATT","DUFL","VEER",0.813719036490555
"PATT","DUFL","AMRO",0.00243499279935891
"PATT","DUFL","CEDW",0.587182526067852
"PATT","DUFL","OCWA",0.319917722539107
"PATT","DUFL","YEWA",0.860843176653774
"PATT","DUFL","AUWA",0.341093410941713
"PATT","DUFL","MGWA",0.521462479666745
"PATT","DUFL","YBCH",1.64875471289091e-16
"PATT","DUFL","WETA",0.127718654398274
"PATT","DUFL","GTTO",2.39894892240543e-11
"PATT","DUFL","SPTO",0.000227424948309688
"PATT","DUFL","SOSP",0.887104690213758
"PATT","DUFL","LAZB",0.0246347912310294
"PATT","DUFL","BUOR",0.495139797903982
"PATT","DUFL","PISI",0.00101329481174952
"PATT","DUFL","AMGO",0.32730608875329
"PATT","WAVI","BCCH",0.521579972640383
"PATT","WAVI","HOWR",0.361147387157721
"PATT","WAVI","VEER",2.65889310105751e-06
"PATT","WAVI","AMRO",0.421115450634127
"PATT","WAVI","CEDW",8.7767322009686e-08
"PATT","WAVI","OCWA",0.00362347780717344
"PATT","WAVI","YEWA",5.11305878795196e-10
"PATT","WAVI","AUWA",0.000322817825540351
"PATT","WAVI","MGWA",0.0417435347752683
"PATT","WAVI","YBCH",0.0915972220734669
"PATT","WAVI","WETA",0.18323165855022
"PATT","WAVI","GTTO",0.791961179546313
"PATT","WAVI","SPTO",0.453673100107388
"PATT","WAVI","SOSP",2.71750087036964e-08
"PATT","WAVI","LAZB",0.287879552988424
"PATT","WAVI","BUOR",4.81941163532624e-14
"PATT","WAVI","PISI",0.186066617489256
"PATT","WAVI","AMGO",2.71550132162168e-08
"PATT","BCCH","HOWR",0.645731274960687
"PATT","BCCH","VEER",0.0758071964235612
"PATT","BCCH","AMRO",0.703981314952685
"PATT","BCCH","CEDW",0.0385540210633029
"PATT","BCCH","OCWA",0.167040126881308
"PATT","BCCH","YEWA",0.0552506191129398
"PATT","BCCH","AUWA",0.0557693582410266
"PATT","BCCH","MGWA",0.138326867937906
"PATT","BCCH","YBCH",0.12824558915641
"PATT","BCCH","WETA",0.348753325144225
"PATT","BCCH","GTTO",0.447839215861789
"PATT","BCCH","SPTO",0.819587406049256
"PATT","BCCH","SOSP",0.0690959287483263
"PATT","BCCH","LAZB",0.692338039049758
"PATT","BCCH","BUOR",0.0331035900131595
"PATT","BCCH","PISI",0.415150654724739
"PATT","BCCH","AMGO",0.0382035433755296
"PATT","HOWR","VEER",0.0855138451521602
"PATT","HOWR","AMRO",0.789310640463041
"PATT","HOWR","CEDW",0.0372598293478709
"PATT","HOWR","OCWA",0.30503655072627
"PATT","HOWR","YEWA",0.0603710509901894
"PATT","HOWR","AUWA",0.0538790520669484
"PATT","HOWR","MGWA",0.184051557209791
"PATT","HOWR","YBCH",0.108019864118186
"PATT","HOWR","WETA",0.610623241980288
"PATT","HOWR","GTTO",0.329291261579286
"PATT","HOWR","SPTO",0.645907416782968
"PATT","HOWR","SOSP",0.0831467274735234
"PATT","HOWR","LAZB",0.599671820137139
"PATT","HOWR","BUOR",0.0325016048029552
"PATT","HOWR","PISI",0.599580141078783
"PATT","HOWR","AMGO",0.0360749016528448
"PATT","VEER","AMRO",0.0140723218918021
"PATT","VEER","CEDW",0.632590853864856
"PATT","VEER","OCWA",0.428990487353316
"PATT","VEER","YEWA",0.80903367868102
"PATT","VEER","AUWA",0.419386480331425
"PATT","VEER","MGWA",0.631011400569987
"PATT","VEER","YBCH",3.62945398895484e-16
"PATT","VEER","WETA",0.176288217961233
"PATT","VEER","GTTO",4.11926709679982e-07
"PATT","VEER","SPTO",0.00446864027518855
"PATT","VEER","SOSP",0.843349134890482
"PATT","VEER","LAZB",0.0492334203887549
"PATT","VEER","BUOR",0.502198279500202
"PATT","VEER","PISI",0.0176378328738428
"PATT","VEER","AMGO",0.397558682670028
"PATT","AMRO","CEDW",0.00291354027745475
"PATT","AMRO","OCWA",0.112814401551371
"PATT","AMRO","YEWA",0.00441860237067662
"PATT","AMRO","AUWA",0.0305641078551294
"PATT","AMRO","MGWA",0.0692260728231446
"PATT","AMRO","YBCH",0.101827921871128
"PATT","AMRO","WETA",0.502889973865247
"PATT","AMRO","GTTO",0.357844489563309
"PATT","AMRO","SPTO",0.796583692797314
"PATT","AMRO","SOSP",0.00889622190396571
"PATT","AMRO","LAZB",0.714246078785564
"PATT","AMRO","BUOR",0.000908571842647863
"PATT","AMRO","PISI",0.564198071454653
"PATT","AMRO","AMGO",0.00524482993292988
"PATT","CEDW","OCWA",0.299023034982397
"PATT","CEDW","YEWA",0.536111519003031
"PATT","CEDW","AUWA",0.711405040357397
"PATT","CEDW","MGWA",0.490324138364949
"PATT","CEDW","YBCH",2.3636955973796e-16
"PATT","CEDW","WETA",0.104526226381487
"PATT","CEDW","GTTO",1.34012065218014e-08
"PATT","CEDW","SPTO",0.000456756549245004
"PATT","CEDW","SOSP",0.533378327567724
"PATT","CEDW","LAZB",0.0188919284843773
"PATT","CEDW","BUOR",0.221020519294026
"PATT","CEDW","PISI",0.00149213597689689
"PATT","CEDW","AMGO",0.712909644825253
"PATT","OCWA","YEWA",0.350411236324299
"PATT","OCWA","AUWA",0.263302099870041
"PATT","OCWA","MGWA",0.5805610882169
"PATT","OCWA","YBCH",1.61948511497185e-06
"PATT","OCWA","WETA",0.349762534181634
"PATT","OCWA","GTTO",0.00173666438780935
"PATT","OCWA","SPTO",0.0796120479653645
"PATT","OCWA","SOSP",0.381116183399471
"PATT","OCWA","LAZB",0.124010040431838
"PATT","OCWA","BUOR",0.200497608399798
"PATT","OCWA","PISI",0.19208953149999
"PATT","OCWA","AMGO",0.23125958432181
"PATT","YEWA","AUWA",0.321624381423376
"PATT","YEWA","MGWA",0.531692563045689
"PATT","YEWA","YBCH",1.50819070973423e-16
"PATT","YEWA","WETA",0.145564133196703
"PATT","YEWA","GTTO",1.42450567653388e-11
"PATT","YEWA","SPTO",0.00051780364427464
"PATT","YEWA","SOSP",0.916160062419014
"PATT","YEWA","LAZB",0.0378645626554464
"PATT","YEWA","BUOR",0.546101390362112
"PATT","YEWA","PISI",0.00323033216589946
"PATT","YEWA","AMGO",0.30167391755331
"PATT","AUWA","MGWA",0.386753650174504
"PATT","AUWA","YBCH",3.21065225258287e-10
"PATT","AUWA","WETA",0.0986344673584452
"PATT","AUWA","GTTO",0.000111199052375935
"PATT","AUWA","SPTO",0.0202013329526985
"PATT","AUWA","SOSP",0.313488863387112
"PATT","AUWA","LAZB",0.0345565166873726
"PATT","AUWA","BUOR",0.0853111204947734
"PATT","AUWA","PISI",0.0313175251170815
"PATT","AUWA","AMGO",0.874207397916889
"PATT","MGWA","YBCH",0.00548360760347286
"PATT","MGWA","WETA",0.24688719497099
"PATT","MGWA","GTTO",0.0416936805165269
"PATT","MGWA","SPTO",0.0535843820579685
"PATT","MGWA","SOSP",0.577219318192206
"PATT","MGWA","LAZB",0.0961250067189681
"PATT","MGWA","BUOR",0.363325849308423
"PATT","MGWA","PISI",0.0774697878141141
"PATT","MGWA","AMGO",0.346580648244297
"PATT","YBCH","WETA",0.0379693432036355
"PATT","YBCH","GTTO",0.241913921707162
"PATT","YBCH","SPTO",0.107134672584249
"PATT","YBCH","SOSP",1.25330596737054e-16
"PATT","YBCH","LAZB",0.0963756590700542
"PATT","YBCH","BUOR",2.32133041871443e-16
"PATT","YBCH","PISI",0.0908290739607389
"PATT","YBCH","AMGO",1.76999605100464e-16
"PATT","WETA","GTTO",0.187338281851768
"PATT","WETA","SPTO",0.348137242708265
"PATT","WETA","SOSP",0.175999980184689
"PATT","WETA","LAZB",0.313152827920271
"PATT","WETA","BUOR",0.0972558122991083
"PATT","WETA","PISI",0.37869096322508
"PATT","WETA","AMGO",0.0816080150258721
"PATT","GTTO","SPTO",0.370570335835087
"PATT","GTTO","SOSP",1.28050572025213e-09
"PATT","GTTO","LAZB",0.233000146470172
"PATT","GTTO","BUOR",2.8224196111207e-16
"PATT","GTTO","PISI",0.211759945937204
"PATT","GTTO","AMGO",1.62928151163156e-09
"PATT","SPTO","SOSP",0.00176637516631947
"PATT","SPTO","LAZB",0.771375902989354
"PATT","SPTO","BUOR",2.46510806286397e-05
"PATT","SPTO","PISI",0.428651941801265
"PATT","SPTO","AMGO",0.00094058939856111
"PATT","SOSP","LAZB",0.0474887493058849
"PATT","SOSP","BUOR",0.529287267907896
"PATT","SOSP","PISI",0.0107931574696745
"PATT","SOSP","AMGO",0.289662578921892
"PATT","LAZB","BUOR",0.0140944182227802
"PATT","LAZB","PISI",0.470088522941202
"PATT","LAZB","AMGO",0.0216462844636818
"PATT","BUOR","PISI",8.84770135539656e-05
"PATT","BUOR","AMGO",0.0703994007517144
"PATT","PISI","AMGO",0.00399235166122988
"FTGI","YBSA","DOWO",0.0191037770485872
"FTGI","YBSA","YSFL",1.65510077642079e-16
"FTGI","YBSA","TRFL",1.3328065248979e-16
"FTGI","YBSA","LEFL",0.176309523415804
"FTGI","YBSA","EAPH",0.634259644078533
"FTGI","YBSA","EAKI",1.22665266829032e-16
"FTGI","YBSA","WAVI",1.28071296307776e-16
"FTGI","YBSA","REVI",1.9576312899505e-16
"FTGI","YBSA","BLJA",0.0337838568104272
"FTGI","YBSA","TRES",2.32865455874917e-16
"FTGI","YBSA","BCCH",0.905749024466412
"FTGI","YBSA","VEER",1.36703240584539e-16
"FTGI","YBSA","HETH",0.126663247925553
"FTGI","YBSA","WOTH",0.0562146143246044
"FTGI","YBSA","AMRO",9.699321300048e-17
"FTGI","YBSA","GRCA",1.15492237314635e-16
"FTGI","YBSA","BRTH",0.205559132303818
"FTGI","YBSA","CEDW",1.78110695877987e-16
"FTGI","YBSA","TEWA",0.863201838020117
"FTGI","YBSA","NAWA",1.23813036010139e-16
"FTGI","YBSA","YEWA",2.09997223388701e-16
"FTGI","YBSA","CSWA",8.75278295480976e-06
"FTGI","YBSA","MAWA",0.32099597736915
"FTGI","YBSA","MYWA",0.0548146793769045
"FTGI","YBSA","BAWW",0.00973525543331274
"FTGI","YBSA","AMRE",0.735182837145174
"FTGI","YBSA","OVEN",0.839379365218911
"FTGI","YBSA","MOWA",0.00701766387517695
"FTGI","YBSA","COYE",1.61901500021658e-16
"FTGI","YBSA","WIWA",0.000654637598497895
"FTGI","YBSA","CAWA",0.621820200190947
"FTGI","YBSA","SCTA",0.000855415052724403
"FTGI","YBSA","CHSP",1.51227074021667e-16
"FTGI","YBSA","FISP",0.0367394650183996
"FTGI","YBSA","SOSP",8.60764603428527e-14
"FTGI","YBSA","WTSP",1.85768291628545e-08
"FTGI","YBSA","NOCA",0.0014153233333211
"FTGI","YBSA","RBGR",0.010482419978456
"FTGI","YBSA","INBU",0.00295081274175012
"FTGI","YBSA","RWBL",0.887366065997265
"FTGI","YBSA","COGR",7.08041213553423e-13
"FTGI","YBSA","BHCO",0.771583347669991
"FTGI","YBSA","BAOR",0.00364921302886446
"FTGI","YBSA","PUFI",1.4713549950849e-16
"FTGI","YBSA","HOFI",1.22006786767994e-06
"FTGI","YBSA","PISI",1.78569485243444e-16
"FTGI","YBSA","AMGO",0.0502517786633965
"FTGI","YBSA","EVGR",8.5624084147571e-17
"FTGI","DOWO","YSFL",1.20882315502147e-16
"FTGI","DOWO","TRFL",1.31375990974358e-16
"FTGI","DOWO","LEFL",0.181080044873521
"FTGI","DOWO","EAPH",0.0619540994889052
"FTGI","DOWO","EAKI",1.08113111325612e-16
"FTGI","DOWO","WAVI",1.22956443569168e-16
"FTGI","DOWO","REVI",1.29341130365863e-16
"FTGI","DOWO","BLJA",0.240669606182727
"FTGI","DOWO","TRES",1.30856825567353e-16
"FTGI","DOWO","BCCH",0.0230674160497537
"FTGI","DOWO","VEER",2.73717265184169e-16
"FTGI","DOWO","HETH",0.236242366639851
"FTGI","DOWO","WOTH",0.475411632291223
"FTGI","DOWO","AMRO",1.12927386459256e-16
"FTGI","DOWO","GRCA",1.28698932458664e-16
"FTGI","DOWO","BRTH",0.0110160296745532
"FTGI","DOWO","CEDW",1.32597290428004e-16
"FTGI","DOWO","TEWA",0.00485300029124861
"FTGI","DOWO","NAWA",1.37885782625358e-16
"FTGI","DOWO","YEWA",2.36534474355876e-16
"FTGI","DOWO","CSWA",1.20042230787071e-16
"FTGI","DOWO","MAWA",0.0400198156550626
"FTGI","DOWO","MYWA",0.349025096434848
"FTGI","DOWO","BAWW",0.811443035427653
"FTGI","DOWO","AMRE",0.0449135660288887
"FTGI","DOWO","OVEN",0.0533184165751236
"FTGI","DOWO","MOWA",0.890937326772402
"FTGI","DOWO","COYE",1.80579820678669e-16
"FTGI","DOWO","WIWA",1.58767099342384e-16
"FTGI","DOWO","CAWA",0.012720779228503
"FTGI","DOWO","SCTA",1.82901146388512e-14
"FTGI","DOWO","CHSP",1.79466959393595e-16
"FTGI","DOWO","FISP",1.06938406090653e-12
"FTGI","DOWO","SOSP",1.06712312435992e-16
"FTGI","DOWO","WTSP",1.49783613879652e-16
"FTGI","DOWO","NOCA",1.20342884674605e-16
"FTGI","DOWO","RBGR",0.173823620464243
"FTGI","DOWO","INBU",7.53862259358683e-12
"FTGI","DOWO","RWBL",0.0182990566536002
"FTGI","DOWO","COGR",1.56767074671015e-16
"FTGI","DOWO","BHCO",0.00167590512924826
"FTGI","DOWO","BAOR",0.687106853961689
"FTGI","DOWO","PUFI",1.24493094807464e-16
"FTGI","DOWO","HOFI",1.09701973178069e-16
"FTGI","DOWO","PISI",1.7749582035816e-16
"FTGI","DOWO","AMGO",0.344193844996151
"FTGI","DOWO","EVGR",1.47154620973971e-16
"FTGI","YSFL","TRFL",3.10944121280055e-16
"FTGI","YSFL","LEFL",1.27990548817039e-16
"FTGI","YSFL","EAPH",1.1897418008497e-16
"FTGI","YSFL","EAKI",2.40831964568599e-06
"FTGI","YSFL","WAVI",0.281471853210339
"FTGI","YSFL","REVI",0.380694913485102
"FTGI","YSFL","BLJA",9.14101490860703e-17
"FTGI","YSFL","TRES",1.59110707350272e-16
"FTGI","YSFL","BCCH",1.62160725097845e-16
"FTGI","YSFL","VEER",0.187181399610586
"FTGI","YSFL","HETH",1.21513667138331e-16
"FTGI","YSFL","WOTH",1.20810381809388e-16
"FTGI","YSFL","AMRO",1.55904982761863e-16
"FTGI","YSFL","GRCA",1.5902794774538e-10
"FTGI","YSFL","BRTH",1.54191135586837e-16
"FTGI","YSFL","CEDW",0.0196182879338353
"FTGI","YSFL","TEWA",1.60923433689971e-16
"FTGI","YSFL","NAWA",1.65866437510378e-16
"FTGI","YSFL","YEWA",2.5414343696377e-16
"FTGI","YSFL","CSWA",1.53062350790826e-16
"FTGI","YSFL","MAWA",2.28823962083082e-16
"FTGI","YSFL","MYWA",1.3587708662159e-16
"FTGI","YSFL","BAWW",9.25754923860948e-17
"FTGI","YSFL","AMRE",1.77803766803743e-16
"FTGI","YSFL","OVEN",1.5348262788669e-16
"FTGI","YSFL","MOWA",1.27090415806569e-16
"FTGI","YSFL","COYE",5.87879699933525e-07
"FTGI","YSFL","WIWA",1.77416984416377e-16
"FTGI","YSFL","CAWA",1.96344195349982e-16
"FTGI","YSFL","SCTA",1.47498827853439e-16
"FTGI","YSFL","CHSP",4.75954660004278e-07
"FTGI","YSFL","FISP",2.05049234007022e-16
"FTGI","YSFL","SOSP",0.116738849505686
"FTGI","YSFL","WTSP",1.02923512570737e-13
"FTGI","YSFL","NOCA",1.41303972271793e-16
"FTGI","YSFL","RBGR",1.44869756592529e-16
"FTGI","YSFL","INBU",1.62329184361278e-16
"FTGI","YSFL","RWBL",1.47669831469305e-16
"FTGI","YSFL","COGR",2.40296025660521e-16
"FTGI","YSFL","BHCO",1.82558161068876e-16
"FTGI","YSFL","BAOR",1.34072838129266e-16
"FTGI","YSFL","PUFI",0.000779645844487094
"FTGI","YSFL","HOFI",1.61589616764384e-16
"FTGI","YSFL","PISI",3.66748311701065e-08
"FTGI","YSFL","AMGO",1.6202696141834e-16
"FTGI","YSFL","EVGR",0.000350415065941391
"FTGI","TRFL","LEFL",1.26087371862439e-16
"FTGI","TRFL","EAPH",1.05841920880203e-16
"FTGI","TRFL","EAKI",0.231671836909916
"FTGI","TRFL","WAVI",1.53400591381784e-16
"FTGI","TRFL","REVI",6.77179834404556e-13
"FTGI","TRFL","BLJA",1.30275859625063e-16
"FTGI","TRFL","TRES",0.861940088988639
"FTGI","TRFL","BCCH",1.19727434341792e-16
"FTGI","TRFL","VEER",1.3555952941391e-14
"FTGI","TRFL","HETH",1.44656196781529e-16
"FTGI","TRFL","WOTH",1.74599745615612e-16
"FTGI","TRFL","AMRO",0.0710209639504093
"FTGI","TRFL","GRCA",0.274765383641022
"FTGI","TRFL","BRTH",4.26217985683559e-06
"FTGI","TRFL","CEDW",3.15392100633868e-05
"FTGI","TRFL","TEWA",1.42615764887358e-16
"FTGI","TRFL","NAWA",0.566396713873007
"FTGI","TRFL","YEWA",0.190853418195155
"FTGI","TRFL","CSWA",0.0034157951313988
"FTGI","TRFL","MAWA",1.2490618496326e-13
"FTGI","TRFL","MYWA",1.44975819931302e-16
"FTGI","TRFL","BAWW",1.33490837550309e-16
"FTGI","TRFL","AMRE",6.11817415257965e-13
"FTGI","TRFL","OVEN",1.01887137695692e-16
"FTGI","TRFL","MOWA",1.16604802662564e-16
"FTGI","TRFL","COYE",0.0108080776776165
"FTGI","TRFL","WIWA",3.34065712042423e-07
"FTGI","TRFL","CAWA",1.41972277211573e-16
"FTGI","TRFL","SCTA",0.0343679470098073
"FTGI","TRFL","CHSP",0.0649812587646718
"FTGI","TRFL","FISP",2.81453848591026e-12
"FTGI","TRFL","SOSP",0.227967397718904
"FTGI","TRFL","WTSP",0.565598502623051
"FTGI","TRFL","NOCA",0.000810262711043201
"FTGI","TRFL","RBGR",1.87951766482376e-16
"FTGI","TRFL","INBU",0.0734339814147007
"FTGI","TRFL","RWBL",1.10025867076183e-16
"FTGI","TRFL","COGR",0.456881780440403
"FTGI","TRFL","BHCO",1.22385960150996e-16
"FTGI","TRFL","BAOR",1.26831325586268e-16
"FTGI","TRFL","PUFI",0.000644732426578177
"FTGI","TRFL","HOFI",0.0392366940773653
"FTGI","TRFL","PISI",0.00242324276592489
"FTGI","TRFL","AMGO",1.72835377967977e-16
"FTGI","TRFL","EVGR",1.80612471014241e-16
"FTGI","LEFL","EAPH",0.456110141964362
"FTGI","LEFL","EAKI",8.55558315179998e-17
"FTGI","LEFL","WAVI",1.06306318105993e-16
"FTGI","LEFL","REVI",1.30412152220544e-16
"FTGI","LEFL","BLJA",0.726342313298477
"FTGI","LEFL","TRES",1.42469970183242e-16
"FTGI","LEFL","BCCH",0.228524900728643
"FTGI","LEFL","VEER",1.36320942928315e-16
"FTGI","LEFL","HETH",0.895202877195607
"FTGI","LEFL","WOTH",0.466157377743688
"FTGI","LEFL","AMRO",7.98315121895127e-17
"FTGI","LEFL","GRCA",9.91014595238293e-17
"FTGI","LEFL","BRTH",0.137793202661477
"FTGI","LEFL","CEDW",1.51236353072567e-16
"FTGI","LEFL","TEWA",0.126660283945317
"FTGI","LEFL","NAWA",1.33716833127912e-16
"FTGI","LEFL","YEWA",1.97407664431833e-16
"FTGI","LEFL","CSWA",1.27167668007107e-08
"FTGI","LEFL","MAWA",0.0751213585912795
"FTGI","LEFL","MYWA",0.656768939963598
"FTGI","LEFL","BAWW",0.242495594696136
"FTGI","LEFL","AMRE",0.260832907425791
"FTGI","LEFL","OVEN",0.273650390397238
"FTGI","LEFL","MOWA",0.209099255235752
"FTGI","LEFL","COYE",1.49781172621372e-16
"FTGI","LEFL","WIWA",1.12351075675082e-06
"FTGI","LEFL","CAWA",0.136742497728238
"FTGI","LEFL","SCTA",1.44055010507975e-05
"FTGI","LEFL","CHSP",1.47553775628816e-16
"FTGI","LEFL","FISP",0.00507956169906062
"FTGI","LEFL","SOSP",2.28395403294183e-15
"FTGI","LEFL","WTSP",2.13649299618442e-10
"FTGI","LEFL","NOCA",7.28517899555422e-06
"FTGI","LEFL","RBGR",0.609839887094028
"FTGI","LEFL","INBU",0.00011471795659781
"FTGI","LEFL","RWBL",0.189093563024835
"FTGI","LEFL","COGR",2.42734647500279e-16
"FTGI","LEFL","BHCO",0.0929131360378035
"FTGI","LEFL","BAOR",0.100632192518667
"FTGI","LEFL","PUFI",1.39757860291949e-16
"FTGI","LEFL","HOFI",1.6446268021916e-09
"FTGI","LEFL","PISI",1.72155162203877e-16
"FTGI","LEFL","AMGO",0.603471435604194
"FTGI","LEFL","EVGR",6.66563869211514e-17
"FTGI","EAPH","EAKI",8.04536210604752e-17
"FTGI","EAPH","WAVI",8.33459510325515e-17
"FTGI","EAPH","REVI",1.32858509145424e-16
"FTGI","EAPH","BLJA",0.240334351758423
"FTGI","EAPH","TRES",1.07652865998527e-15
"FTGI","EAPH","BCCH",0.715815059475317
"FTGI","EAPH","VEER",9.48817070578556e-17
"FTGI","EAPH","HETH",0.388991785704564
"FTGI","EAPH","WOTH",0.141949536197854
"FTGI","EAPH","AMRO",7.9577245059826e-17
"FTGI","EAPH","GRCA",8.15397440422314e-17
"FTGI","EAPH","BRTH",0.200110695201685
"FTGI","EAPH","CEDW",1.70707272992349e-16
"FTGI","EAPH","TEWA",0.578186546492084
"FTGI","EAPH","NAWA",1.12247253629924e-16
"FTGI","EAPH","YEWA",1.59585539350283e-16
"FTGI","EAPH","CSWA",1.87130037386433e-07
"FTGI","EAPH","MAWA",0.196878054857061
"FTGI","EAPH","MYWA",0.200096075801984
"FTGI","EAPH","BAWW",0.0465508514940167
"FTGI","EAPH","AMRE",0.689983073823357
"FTGI","EAPH","OVEN",0.744284319050136
"FTGI","EAPH","MOWA",0.034928564989596
"FTGI","EAPH","COYE",1.20513923647882e-16
"FTGI","EAPH","WIWA",1.09426448090299e-05
"FTGI","EAPH","CAWA",0.418509237622577
"FTGI","EAPH","SCTA",4.58767410746953e-05
"FTGI","EAPH","CHSP",1.09788746698039e-16
"FTGI","EAPH","FISP",0.00823251704160543
"FTGI","EAPH","SOSP",1.28723460942152e-13
"FTGI","EAPH","WTSP",3.24591693869774e-09
"FTGI","EAPH","NOCA",3.69168575030655e-05
"FTGI","EAPH","RBGR",0.126456215440172
"FTGI","EAPH","INBU",0.000258774994474025
"FTGI","EAPH","RWBL",0.643229281192569
"FTGI","EAPH","COGR",5.61607758196165e-13
"FTGI","EAPH","BHCO",0.499685386705083
"FTGI","EAPH","BAOR",0.00380495537557409
"FTGI","EAPH","PUFI",1.27448862266018e-16
"FTGI","EAPH","HOFI",3.90418272821926e-08
"FTGI","EAPH","PISI",1.33021376578597e-16
"FTGI","EAPH","AMGO",0.164814382247236
"FTGI","EAPH","EVGR",6.07556411364796e-17
"FTGI","EAKI","WAVI",2.9079093571738e-14
"FTGI","EAKI","REVI",0.00013081708975769
"FTGI","EAKI","BLJA",1.16022589718077e-16
"FTGI","EAKI","TRES",0.195451192934486
"FTGI","EAKI","BCCH",1.2569991780745e-16
"FTGI","EAKI","VEER",1.20545734260475e-07
"FTGI","EAKI","HETH",1.28284511308145e-16
"FTGI","EAKI","WOTH",1.42342247018651e-16
"FTGI","EAKI","AMRO",2.01169381952893e-06
"FTGI","EAKI","GRCA",0.799985549218685
"FTGI","EAKI","BRTH",4.81943334212457e-16
"FTGI","EAKI","CEDW",0.106873052615417
"FTGI","EAKI","TEWA",1.23910582061226e-16
"FTGI","EAKI","NAWA",0.403060806495592
"FTGI","EAKI","YEWA",0.0053138653220654
"FTGI","EAKI","CSWA",5.01905591368007e-10
"FTGI","EAKI","MAWA",1.38779671786929e-16
"FTGI","EAKI","MYWA",1.22041759554533e-16
"FTGI","EAKI","BAWW",1.09346441254266e-16
"FTGI","EAKI","AMRE",1.25515249727325e-16
"FTGI","EAKI","OVEN",1.17067359174586e-16
"FTGI","EAKI","MOWA",1.0074334047986e-16
"FTGI","EAKI","COYE",0.316284549280356
"FTGI","EAKI","WIWA",1.31162689479903e-16
"FTGI","EAKI","CAWA",1.2993014194651e-16
"FTGI","EAKI","SCTA",1.40406140760026e-05
"FTGI","EAKI","CHSP",0.493097194025139
"FTGI","EAKI","FISP",1.47368899225352e-16
"FTGI","EAKI","SOSP",0.510321458623953
"FTGI","EAKI","WTSP",0.079317046167612
"FTGI","EAKI","NOCA",4.47794222414191e-13
"FTGI","EAKI","RBGR",1.75256837126907e-16
"FTGI","EAKI","INBU",0.00080888445777754
"FTGI","EAKI","RWBL",1.22075796658442e-16
"FTGI","EAKI","COGR",0.0220437677084451
"FTGI","EAKI","BHCO",1.34850693834944e-16
"FTGI","EAKI","BAOR",1.18927897592755e-16
"FTGI","EAKI","PUFI",0.169999772591287
"FTGI","EAKI","HOFI",9.43147388178313e-06
"FTGI","EAKI","PISI",0.233138516714663
"FTGI","EAKI","AMGO",1.59931298125639e-16
"FTGI","EAKI","EVGR",1.61147649850653e-16
"FTGI","WAVI","REVI",0.0825180089859847
"FTGI","WAVI","BLJA",1.02178283571026e-16
"FTGI","WAVI","TRES",1.59094937341206e-16
"FTGI","WAVI","BCCH",1.23067021442132e-16
"FTGI","WAVI","VEER",0.41632052181231
"FTGI","WAVI","HETH",1.25854068566654e-16
"FTGI","WAVI","WOTH",1.04936861296131e-16
"FTGI","WAVI","AMRO",1.5945310289039e-16
"FTGI","WAVI","GRCA",1.12473262183904e-16
"FTGI","WAVI","BRTH",1.48863162861045e-16
"FTGI","WAVI","CEDW",1.73962825371977e-05
"FTGI","WAVI","TEWA",1.22940803464806e-16
"FTGI","WAVI","NAWA",1.475111586804e-16
"FTGI","WAVI","YEWA",2.45528013414009e-16
"FTGI","WAVI","CSWA",1.72471823315475e-16
"FTGI","WAVI","MAWA",1.76760252628538e-16
"FTGI","WAVI","MYWA",1.20143396088814e-16
"FTGI","WAVI","BAWW",8.83487338756049e-17
"FTGI","WAVI","AMRE",1.70686886832941e-16
"FTGI","WAVI","OVEN",8.97889404994411e-17
"FTGI","WAVI","MOWA",1.24893833363807e-16
"FTGI","WAVI","COYE",1.25369453914633e-16
"FTGI","WAVI","WIWA",1.88803162530423e-16
"FTGI","WAVI","CAWA",1.43057628843583e-16
"FTGI","WAVI","SCTA",1.48103166838847e-16
"FTGI","WAVI","CHSP",1.32345967163335e-16
"FTGI","WAVI","FISP",1.97668683431105e-16
"FTGI","WAVI","SOSP",0.0214838487676357
"FTGI","WAVI","WTSP",1.71664135673749e-16
"FTGI","WAVI","NOCA",1.49938706603482e-16
"FTGI","WAVI","RBGR",1.41897691618636e-16
"FTGI","WAVI","INBU",1.56443941101199e-16
"FTGI","WAVI","RWBL",9.62810411821995e-17
"FTGI","WAVI","COGR",2.09514913913342e-16
"FTGI","WAVI","BHCO",1.14065818048958e-16
"FTGI","WAVI","BAOR",1.4080974999803e-16
"FTGI","WAVI","PUFI",5.8162781818482e-10
"FTGI","WAVI","HOFI",1.80282603201974e-16
"FTGI","WAVI","PISI",1.55761483763405e-16
"FTGI","WAVI","AMGO",1.46139480327943e-16
"FTGI","WAVI","EVGR",0.0390972154189116
"FTGI","REVI","BLJA",1.22253382720775e-16
"FTGI","REVI","TRES",3.62844232657938e-15
"FTGI","REVI","BCCH",1.66077349557354e-16
"FTGI","REVI","VEER",0.0308239181666734
"FTGI","REVI","HETH",1.49003932100892e-16
"FTGI","REVI","WOTH",1.45057193878491e-16
"FTGI","REVI","AMRO",1.25634674734571e-16
"FTGI","REVI","GRCA",6.23416433183637e-08
"FTGI","REVI","BRTH",1.17167816310287e-16
"FTGI","REVI","CEDW",0.214703382578775
"FTGI","REVI","TEWA",1.63891043344235e-16
"FTGI","REVI","NAWA",5.63778513177668e-15
"FTGI","REVI","YEWA",2.37444590563913e-16
"FTGI","REVI","CSWA",1.46748709077525e-16
"FTGI","REVI","MAWA",2.17045760875379e-16
"FTGI","REVI","MYWA",1.36997486863384e-16
"FTGI","REVI","BAWW",1.25758639668276e-16
"FTGI","REVI","AMRE",1.73206382300097e-16
"FTGI","REVI","OVEN",1.61894089144399e-16
"FTGI","REVI","MOWA",1.30774606266741e-16
"FTGI","REVI","COYE",0.000151749402579887
"FTGI","REVI","WIWA",1.72950357555292e-16
"FTGI","REVI","CAWA",1.79692812670205e-16
"FTGI","REVI","SCTA",1.47158656850097e-16
"FTGI","REVI","CHSP",8.60459016595602e-05
"FTGI","REVI","FISP",1.92447376525953e-16
"FTGI","REVI","SOSP",0.29326185344453
"FTGI","REVI","WTSP",1.76894469282322e-11
"FTGI","REVI","NOCA",1.19217329232914e-16
"FTGI","REVI","RBGR",1.65079231414172e-16
"FTGI","REVI","INBU",1.39758531984613e-16
"FTGI","REVI","RWBL",1.52502686448744e-16
"FTGI","REVI","COGR",2.32984961035901e-16
"FTGI","REVI","BHCO",1.91695847624255e-16
"FTGI","REVI","BAOR",1.61137116245208e-16
"FTGI","REVI","PUFI",0.0200753614362672
"FTGI","REVI","HOFI",1.4122689528593e-16
"FTGI","REVI","PISI",1.65974641550112e-05
"FTGI","REVI","AMGO",1.87010963248982e-16
"FTGI","REVI","EVGR",3.32320954149381e-12
"FTGI","BLJA","TRES",1.44907507203927e-16
"FTGI","BLJA","BCCH",0.054816685641308
"FTGI","BLJA","VEER",1.66503550762216e-16
"FTGI","BLJA","HETH",0.716086769766339
"FTGI","BLJA","WOTH",0.475520554825646
"FTGI","BLJA","AMRO",6.88621419421171e-17
"FTGI","BLJA","GRCA",1.37244944022314e-16
"FTGI","BLJA","BRTH",0.0210414870078567
"FTGI","BLJA","CEDW",1.57574088825887e-16
"FTGI","BLJA","TEWA",0.00872140038872797
"FTGI","BLJA","NAWA",1.70320119445057e-16
"FTGI","BLJA","YEWA",1.90958141553704e-16
"FTGI","BLJA","CSWA",1.20642804796897e-16
"FTGI","BLJA","MAWA",0.0399745893599135
"FTGI","BLJA","MYWA",0.682447885669207
"FTGI","BLJA","BAWW",0.282380430325629
"FTGI","BLJA","AMRE",0.0908697555448939
"FTGI","BLJA","OVEN",0.109096163866393
"FTGI","BLJA","MOWA",0.253708738612825
"FTGI","BLJA","COYE",1.62564332583608e-16
"FTGI","BLJA","WIWA",1.23749522082075e-16
"FTGI","BLJA","CAWA",0.023083357864985
"FTGI","BLJA","SCTA",1.2713396863819e-16
"FTGI","BLJA","CHSP",1.82554413118632e-16
"FTGI","BLJA","FISP",1.83795404889079e-16
"FTGI","BLJA","SOSP",1.29505668196489e-16
"FTGI","BLJA","WTSP",1.36244158954654e-16
"FTGI","BLJA","NOCA",1.20126708634981e-16
"FTGI","BLJA","RBGR",0.656815838509351
"FTGI","BLJA","INBU",4.55210647484693e-14
"FTGI","BLJA","RWBL",0.0390399477636169
"FTGI","BLJA","COGR",1.27470057164812e-16
"FTGI","BLJA","BHCO",0.00231534646601529
"FTGI","BLJA","BAOR",0.16904951715636
"FTGI","BLJA","PUFI",1.6563725810374e-16
"FTGI","BLJA","HOFI",8.86644751725761e-17
"FTGI","BLJA","PISI",1.77189439645606e-16
"FTGI","BLJA","AMGO",0.612237136906506
"FTGI","BLJA","EVGR",8.15767077843501e-17
"FTGI","TRES","BCCH",1.341613227325e-16
"FTGI","TRES","VEER",4.22468286647677e-16
"FTGI","TRES","HETH",1.6194796979757e-16
"FTGI","TRES","WOTH",1.86931050919941e-16
"FTGI","TRES","AMRO",0.154318853704989
"FTGI","TRES","GRCA",0.251851866295642
"FTGI","TRES","BRTH",0.001505571054561
"FTGI","TRES","CEDW",3.23015248934482e-06
"FTGI","TRES","TEWA",1.59559094299395e-16
"FTGI","TRES","NAWA",0.478245492202012
"FTGI","TRES","YEWA",0.234896740074655
"FTGI","TRES","CSWA",0.0134714526487635
"FTGI","TRES","MAWA",6.05569733533884e-09
"FTGI","TRES","MYWA",1.57178215009234e-16
"FTGI","TRES","BAWW",1.3486069115221e-16
"FTGI","TRES","AMRE",1.97029144382446e-09
"FTGI","TRES","OVEN",6.45503193686467e-14
"FTGI","TRES","MOWA",1.2484999106072e-16
"FTGI","TRES","COYE",0.00394730559049145
"FTGI","TRES","WIWA",0.000620468420628032
"FTGI","TRES","CAWA",2.01097950720216e-16
"FTGI","TRES","SCTA",0.0686625885653662
"FTGI","TRES","CHSP",0.0540209217213248
"FTGI","TRES","FISP",4.79084173903965e-07
"FTGI","TRES","SOSP",0.211389221479814
"FTGI","TRES","WTSP",0.682759429034366
"FTGI","TRES","NOCA",0.00878762071084521
"FTGI","TRES","RBGR",2.08488542129658e-16
"FTGI","TRES","INBU",0.107191461872896
"FTGI","TRES","RWBL",3.16339903966039e-15
"FTGI","TRES","COGR",0.567510615780162
"FTGI","TRES","BHCO",2.37906896183715e-16
"FTGI","TRES","BAOR",1.35838022068567e-16
"FTGI","TRES","PUFI",0.00011310585078032
"FTGI","TRES","HOFI",0.0838954381559623
"FTGI","TRES","PISI",0.000545803511324289
"FTGI","TRES","AMGO",2.01309355206604e-16
"FTGI","TRES","EVGR",1.83513923421939e-16
"FTGI","BCCH","VEER",1.68669960834173e-16
"FTGI","BCCH","HETH",0.176948058565945
"FTGI","BCCH","WOTH",0.0651313577583839
"FTGI","BCCH","AMRO",9.83984712318369e-17
"FTGI","BCCH","GRCA",1.14401015696263e-16
"FTGI","BCCH","BRTH",0.200622218673746
"FTGI","BCCH","CEDW",1.85793149915504e-16
"FTGI","BCCH","TEWA",0.816029098504054
"FTGI","BCCH","NAWA",1.23947948958411e-16
"FTGI","BCCH","YEWA",1.70950973710991e-16
"FTGI","BCCH","CSWA",1.23144859925184e-07
"FTGI","BCCH","MAWA",0.305369469275916
"FTGI","BCCH","MYWA",0.0773736207677662
"FTGI","BCCH","BAWW",0.00962698363374663
"FTGI","BCCH","AMRE",0.778829856247598
"FTGI","BCCH","OVEN",0.881430193329157
"FTGI","BCCH","MOWA",0.00610365260070408
"FTGI","BCCH","COYE",1.47698378279232e-16
"FTGI","BCCH","WIWA",1.15747767009004e-05
"FTGI","BCCH","CAWA",0.597015710697968
"FTGI","BCCH","SCTA",5.48936229400763e-05
"FTGI","BCCH","CHSP",1.40143801572532e-16
"FTGI","BCCH","FISP",0.0172780113583453
"FTGI","BCCH","SOSP",1.79714568327421e-14
"FTGI","BCCH","WTSP",1.40752176342989e-09
"FTGI","BCCH","NOCA",4.96939372711917e-05
"FTGI","BCCH","RBGR",0.0186797215184236
"FTGI","BCCH","INBU",0.000361878121264419
"FTGI","BCCH","RWBL",0.887056456832929
"FTGI","BCCH","COGR",1.14267652345013e-14
"FTGI","BCCH","BHCO",0.707542212203775
"FTGI","BCCH","BAOR",0.000233463817336208
"FTGI","BCCH","PUFI",1.39305198967155e-16
"FTGI","BCCH","HOFI",1.73669439975166e-08
"FTGI","BCCH","PISI",1.53546405749159e-16
"FTGI","BCCH","AMGO",0.0622914373497118
"FTGI","BCCH","EVGR",1.07868352495802e-16
"FTGI","VEER","HETH",2.07481267117068e-16
"FTGI","VEER","WOTH",2.97139433535751e-16
"FTGI","VEER","AMRO",1.30858147454075e-16
"FTGI","VEER","GRCA",1.40911127073268e-10
"FTGI","VEER","BRTH",1.31604858043704e-16
"FTGI","VEER","CEDW",0.000576328354983647
"FTGI","VEER","TEWA",1.38456468993041e-16
"FTGI","VEER","NAWA",3.75189223059958e-16
"FTGI","VEER","YEWA",3.11652405127182e-16
"FTGI","VEER","CSWA",1.28851699381898e-16
"FTGI","VEER","MAWA",1.80126619297295e-16
"FTGI","VEER","MYWA",2.98126352655804e-16
"FTGI","VEER","BAWW",2.58147551745735e-16
"FTGI","VEER","AMRE",1.52747436620024e-16
"FTGI","VEER","OVEN",1.2885610860251e-16
"FTGI","VEER","MOWA",3.13567746097536e-16
"FTGI","VEER","COYE",2.82374812585182e-08
"FTGI","VEER","WIWA",1.87956996171554e-16
"FTGI","VEER","CAWA",1.72584294036712e-16
"FTGI","VEER","SCTA",1.08373208693025e-16
"FTGI","VEER","CHSP",2.03653399736655e-08
"FTGI","VEER","FISP",1.51424699354242e-16
"FTGI","VEER","SOSP",0.0193085542667818
"FTGI","VEER","WTSP",6.47497347807753e-13
"FTGI","VEER","NOCA",1.30564653043346e-16
"FTGI","VEER","RBGR",2.60549728223962e-16
"FTGI","VEER","INBU",1.08317416856573e-16
"FTGI","VEER","RWBL",1.22578209419109e-16
"FTGI","VEER","COGR",2.42966018801736e-16
"FTGI","VEER","BHCO",1.47473324920272e-16
"FTGI","VEER","BAOR",3.1323146532742e-16
"FTGI","VEER","PUFI",1.20863479501008e-05
"FTGI","VEER","HOFI",1.29120353258787e-16
"FTGI","VEER","PISI",3.84167116056054e-09
"FTGI","VEER","AMGO",3.08829691136259e-16
"FTGI","VEER","EVGR",0.389901882263685
"FTGI","HETH","WOTH",0.541912380757266
"FTGI","HETH","AMRO",1.10937886793473e-16
"FTGI","HETH","GRCA",1.41698020632604e-16
"FTGI","HETH","BRTH",0.11297337226579
"FTGI","HETH","CEDW",1.88846014830659e-16
"FTGI","HETH","TEWA",0.0812001286934878
"FTGI","HETH","NAWA",1.75361705804885e-16
"FTGI","HETH","YEWA",2.3004581662828e-16
"FTGI","HETH","CSWA",1.34147293300753e-16
"FTGI","HETH","MAWA",0.0453934132494481
"FTGI","HETH","MYWA",0.749821336942175
"FTGI","HETH","BAWW",0.312319762144629
"FTGI","HETH","AMRE",0.210468949108921
"FTGI","HETH","OVEN",0.224350299733908
"FTGI","HETH","MOWA",0.270160145565629
"FTGI","HETH","COYE",2.11375254662626e-16
"FTGI","HETH","WIWA",1.62941866981945e-16
"FTGI","HETH","CAWA",0.0948680752492096
"FTGI","HETH","SCTA",2.61210268322918e-11
"FTGI","HETH","CHSP",2.14603253003973e-16
"FTGI","HETH","FISP",3.06973548477793e-08
"FTGI","HETH","SOSP",1.32644113873448e-16
"FTGI","HETH","WTSP",2.41653859243645e-16
"FTGI","HETH","NOCA",3.90051254125161e-15
"FTGI","HETH","RBGR",0.670841164636754
"FTGI","HETH","INBU",4.74692537563779e-09
"FTGI","HETH","RWBL",0.139868816808148
"FTGI","HETH","COGR",1.50284468394578e-16
"FTGI","HETH","BHCO",0.0486332347507555
"FTGI","HETH","BAOR",0.137443065711328
"FTGI","HETH","PUFI",1.94566770286545e-16
"FTGI","HETH","HOFI",1.11719373604378e-16
"FTGI","HETH","PISI",2.29570879069227e-16
"FTGI","HETH","AMGO",0.693588867443421
"FTGI","HETH","EVGR",7.50120320877792e-17
"FTGI","WOTH","AMRO",1.03445019545102e-16
"FTGI","WOTH","GRCA",1.69589916342994e-16
"FTGI","WOTH","BRTH",0.0240790558508622
"FTGI","WOTH","CEDW",1.83044831281567e-16
"FTGI","WOTH","TEWA",0.035786641944205
"FTGI","WOTH","NAWA",1.82074807347571e-16
"FTGI","WOTH","YEWA",2.1544592198994e-16
"FTGI","WOTH","CSWA",1.23703917412526e-11
"FTGI","WOTH","MAWA",0.0657299831804303
"FTGI","WOTH","MYWA",0.749759791345154
"FTGI","WOTH","BAWW",0.515548415671837
"FTGI","WOTH","AMRE",0.0930983920581113
"FTGI","WOTH","OVEN",0.10622817444028
"FTGI","WOTH","MOWA",0.501029205713804
"FTGI","WOTH","COYE",2.25741977995739e-16
"FTGI","WOTH","WIWA",1.37808822368896e-09
"FTGI","WOTH","CAWA",0.0478019587507935
"FTGI","WOTH","SCTA",2.1624873535564e-07
"FTGI","WOTH","CHSP",2.26832220579516e-16
"FTGI","WOTH","FISP",0.000226557341309163
"FTGI","WOTH","SOSP",1.71380943209819e-16
"FTGI","WOTH","WTSP",1.30881735611856e-12
"FTGI","WOTH","NOCA",1.46984174997435e-08
"FTGI","WOTH","RBGR",0.562448560502111
"FTGI","WOTH","INBU",4.78463837498664e-06
"FTGI","WOTH","RWBL",0.056537232619565
"FTGI","WOTH","COGR",1.56730061390573e-16
"FTGI","WOTH","BHCO",0.0300169250671319
"FTGI","WOTH","BAOR",0.337938947465333
"FTGI","WOTH","PUFI",1.7961238083339e-16
"FTGI","WOTH","HOFI",1.14365337718137e-12
"FTGI","WOTH","PISI",2.29776541689389e-16
"FTGI","WOTH","AMGO",0.800843467843346
"FTGI","WOTH","EVGR",8.85989512264728e-17
"FTGI","AMRO","GRCA",0.000399869724281897
"FTGI","AMRO","BRTH",5.63954598909957e-05
"FTGI","AMRO","CEDW",9.01275494869897e-17
"FTGI","AMRO","TEWA",1.12339005881062e-16
"FTGI","AMRO","NAWA",0.0124446371454385
"FTGI","AMRO","YEWA",0.0589903761369476
"FTGI","AMRO","CSWA",0.0436946307590442
"FTGI","AMRO","MAWA",2.1501743441103e-15
"FTGI","AMRO","MYWA",9.05241861156224e-17
"FTGI","AMRO","BAWW",1.0259306443713e-16
"FTGI","AMRO","AMRE",9.88832384957424e-14
"FTGI","AMRO","OVEN",8.48718106506343e-17
"FTGI","AMRO","MOWA",1.11141266735386e-16
"FTGI","AMRO","COYE",1.00872953677363e-16
"FTGI","AMRO","WIWA",4.22900776539409e-06
"FTGI","AMRO","CAWA",1.07158536381155e-16
"FTGI","AMRO","SCTA",0.29351094567489
"FTGI","AMRO","CHSP",5.32070952211177e-11
"FTGI","AMRO","FISP",3.6960697022612e-13
"FTGI","AMRO","SOSP",0.00469532046557828
"FTGI","AMRO","WTSP",0.412836195616448
"FTGI","AMRO","NOCA",0.0125139934304707
"FTGI","AMRO","RBGR",1.05237557839614e-16
"FTGI","AMRO","INBU",0.100279374956239
"FTGI","AMRO","RWBL",9.80278100537348e-17
"FTGI","AMRO","COGR",0.227032224999322
"FTGI","AMRO","BHCO",1.06600003877402e-16
"FTGI","AMRO","BAOR",9.52902512018407e-17
"FTGI","AMRO","PUFI",7.19859766038091e-17
"FTGI","AMRO","HOFI",0.450734812980569
"FTGI","AMRO","PISI",1.33333973013282e-16
"FTGI","AMRO","AMGO",1.08570995718265e-16
"FTGI","AMRO","EVGR",1.81353735075445e-16
"FTGI","GRCA","BRTH",2.73382410768219e-13
"FTGI","GRCA","CEDW",0.00936351308119439
"FTGI","GRCA","TEWA",1.16677524477135e-16
"FTGI","GRCA","NAWA",0.400555556494835
"FTGI","GRCA","YEWA",0.0245587829587569
"FTGI","GRCA","CSWA",8.70629983875002e-08
"FTGI","GRCA","MAWA",8.92043032703112e-17
"FTGI","GRCA","MYWA",1.41771466760677e-16
"FTGI","GRCA","BAWW",1.36142814840243e-16
"FTGI","GRCA","AMRE",1.10004504677351e-16
"FTGI","GRCA","OVEN",1.01041374150638e-16
"FTGI","GRCA","MOWA",1.12655807941538e-16
"FTGI","GRCA","COYE",0.346860842472875
"FTGI","GRCA","WIWA",1.90508981261851e-16
"FTGI","GRCA","CAWA",1.0979142246511e-16
"FTGI","GRCA","SCTA",0.000383114574081851
"FTGI","GRCA","CHSP",0.468867249830473
"FTGI","GRCA","FISP",1.300809887944e-16
"FTGI","GRCA","SOSP",0.497361708669079
"FTGI","GRCA","WTSP",0.14956793598954
"FTGI","GRCA","NOCA",4.62686048938604e-10
"FTGI","GRCA","RBGR",1.8148291784057e-16
"FTGI","GRCA","INBU",0.00649851844100493
"FTGI","GRCA","RWBL",1.14113741519905e-16
"FTGI","GRCA","COGR",0.066102060146129
"FTGI","GRCA","BHCO",1.14771371520898e-16
"FTGI","GRCA","BAOR",1.26590880205319e-16
"FTGI","GRCA","PUFI",0.0689635233515968
"FTGI","GRCA","HOFI",0.000374181821977004
"FTGI","GRCA","PISI",0.191609023019175
"FTGI","GRCA","AMGO",1.73874591203573e-16
"FTGI","GRCA","EVGR",1.48634653854756e-16
"FTGI","BRTH","CEDW",1.42424153269259e-16
"FTGI","BRTH","TEWA",0.163443495939739
"FTGI","BRTH","NAWA",2.69383571270162e-11
"FTGI","BRTH","YEWA",2.03903429055477e-16
"FTGI","BRTH","CSWA",0.234441437502134
"FTGI","BRTH","MAWA",0.117429700010442
"FTGI","BRTH","MYWA",0.0416835971975984
"FTGI","BRTH","BAWW",0.00387623288864028
"FTGI","BRTH","AMRE",0.218233247247213
"FTGI","BRTH","OVEN",0.210088059109763
"FTGI","BRTH","MOWA",0.00204998328694847
"FTGI","BRTH","COYE",1.47299067153301e-16
"FTGI","BRTH","WIWA",0.410684132498563
"FTGI","BRTH","CAWA",0.119235887165676
"FTGI","BRTH","SCTA",0.236930135048975
"FTGI","BRTH","CHSP",1.23913300374245e-16
"FTGI","BRTH","FISP",0.517833497899035
"FTGI","BRTH","SOSP",2.38093840128821e-06
"FTGI","BRTH","WTSP",0.0118884104858434
"FTGI","BRTH","NOCA",0.349309584077414
"FTGI","BRTH","RBGR",0.00533441747269721
"FTGI","BRTH","INBU",0.40814712660007
"FTGI","BRTH","RWBL",0.211991335361934
"FTGI","BRTH","COGR",0.0249805786897736
"FTGI","BRTH","BHCO",0.132700440622842
"FTGI","BRTH","BAOR",4.25911127954309e-05
"FTGI","BRTH","PUFI",1.05406721404371e-16
"FTGI","BRTH","HOFI",0.103486893200619
"FTGI","BRTH","PISI",1.66933018554207e-16
"FTGI","BRTH","AMGO",0.0383052315176642
"FTGI","BRTH","EVGR",9.0178324191184e-17
"FTGI","CEDW","TEWA",1.75673486494197e-16
"FTGI","CEDW","NAWA",3.6015941164256e-05
"FTGI","CEDW","YEWA",1.86664869321491e-16
"FTGI","CEDW","CSWA",1.03747983617403e-16
"FTGI","CEDW","MAWA",2.06485760709227e-16
"FTGI","CEDW","MYWA",1.58668524103209e-16
"FTGI","CEDW","BAWW",1.41312212714723e-16
"FTGI","CEDW","AMRE",1.7550154867776e-16
"FTGI","CEDW","OVEN",1.94804070334254e-16
"FTGI","CEDW","MOWA",1.34897137939652e-16
"FTGI","CEDW","COYE",0.171254342207542
"FTGI","CEDW","WIWA",1.16630461935725e-16
"FTGI","CEDW","CAWA",1.8761893105929e-16
"FTGI","CEDW","SCTA",8.18129783614928e-16
"FTGI","CEDW","CHSP",0.149510466366055
"FTGI","CEDW","FISP",1.81308357363635e-16
"FTGI","CEDW","SOSP",0.362218782686147
"FTGI","CEDW","WTSP",4.19186004793552e-06
"FTGI","CEDW","NOCA",1.08749996483724e-16
"FTGI","CEDW","RBGR",2.04934815382114e-16
"FTGI","CEDW","INBU",2.10176428241817e-11
"FTGI","CEDW","RWBL",1.82581394924385e-16
"FTGI","CEDW","COGR",4.63066708874886e-12
"FTGI","CEDW","BHCO",1.91860695811731e-16
"FTGI","CEDW","BAOR",1.33783237044629e-16
"FTGI","CEDW","PUFI",0.462915342413791
"FTGI","CEDW","HOFI",1.02224131698433e-16
"FTGI","CEDW","PISI",0.137895857377547
"FTGI","CEDW","AMGO",2.38257086050839e-16
"FTGI","CEDW","EVGR",9.82090547526108e-17
"FTGI","TEWA","NAWA",1.43271076757381e-16
"FTGI","TEWA","YEWA",1.80741524029786e-16
"FTGI","TEWA","CSWA",3.9974406132285e-10
"FTGI","TEWA","MAWA",0.261983872812403
"FTGI","TEWA","MYWA",0.0220582980630837
"FTGI","TEWA","BAWW",0.00159190625331359
"FTGI","TEWA","AMRE",0.623867971265865
"FTGI","TEWA","OVEN",0.724231606910184
"FTGI","TEWA","MOWA",0.000719063981937727
"FTGI","TEWA","COYE",1.56175743274109e-16
"FTGI","TEWA","WIWA",6.65591685488571e-08
"FTGI","TEWA","CAWA",0.559771088767814
"FTGI","TEWA","SCTA",2.6517948293818e-06
"FTGI","TEWA","CHSP",1.44724549953378e-16
"FTGI","TEWA","FISP",0.00336637494254377
"FTGI","TEWA","SOSP",3.46790993234816e-16
"FTGI","TEWA","WTSP",2.16645166917496e-11
"FTGI","TEWA","NOCA",7.57453740665332e-07
"FTGI","TEWA","RBGR",0.0014372576867356
"FTGI","TEWA","INBU",4.00893859702098e-05
"FTGI","TEWA","RWBL",0.780294345049879
"FTGI","TEWA","COGR",1.72056665592657e-16
"FTGI","TEWA","BHCO",0.787256788287148
"FTGI","TEWA","BAOR",9.77789079672994e-06
"FTGI","TEWA","PUFI",1.42466698601371e-16
"FTGI","TEWA","HOFI",5.06778190333817e-11
"FTGI","TEWA","PISI",1.57959269620989e-16
"FTGI","TEWA","AMGO",0.0239614401169027
"FTGI","TEWA","EVGR",1.10315023430155e-16
"FTGI","NAWA","YEWA",0.0723707244199778
"FTGI","NAWA","CSWA",1.65393951604997e-05
"FTGI","NAWA","MAWA",1.60910558201097e-16
"FTGI","NAWA","MYWA",1.76534274252621e-16
"FTGI","NAWA","BAWW",1.55094211389674e-16
"FTGI","NAWA","AMRE",1.49387378242942e-16
"FTGI","NAWA","OVEN",1.21682564085826e-16
"FTGI","NAWA","MOWA",1.34556183063131e-16
"FTGI","NAWA","COYE",0.0244551372512794
"FTGI","NAWA","WIWA",4.1997195058241e-15
"FTGI","NAWA","CAWA",1.60179958096352e-16
"FTGI","NAWA","SCTA",0.00774073645554075
"FTGI","NAWA","CHSP",0.09761910963652
"FTGI","NAWA","FISP",1.81912107015637e-16
"FTGI","NAWA","SOSP",0.298318858798896
"FTGI","NAWA","WTSP",0.282148183574775
"FTGI","NAWA","NOCA",2.09081756597594e-07
"FTGI","NAWA","RBGR",2.35831714952267e-16
"FTGI","NAWA","INBU",0.0223655823021566
"FTGI","NAWA","RWBL",1.28828416813697e-16
"FTGI","NAWA","COGR",0.13078501409833
"FTGI","NAWA","BHCO",1.06440727366101e-16
"FTGI","NAWA","BAOR",1.48607293740589e-16
"FTGI","NAWA","PUFI",0.00142429283102924
"FTGI","NAWA","HOFI",0.00941514477140151
"FTGI","NAWA","PISI",0.00660809126484336
"FTGI","NAWA","AMGO",2.21139516643019e-16
"FTGI","NAWA","EVGR",1.89430472615818e-16
"FTGI","YEWA","CSWA",1.49593274844313e-07
"FTGI","YEWA","MAWA",2.44887170351279e-16
"FTGI","YEWA","MYWA",2.0962709539977e-16
"FTGI","YEWA","BAWW",2.34988857046096e-16
"FTGI","YEWA","AMRE",2.46087778939744e-16
"FTGI","YEWA","OVEN",1.60439336648971e-16
"FTGI","YEWA","MOWA",2.3514261684076e-16
"FTGI","YEWA","COYE",1.77253567266844e-16
"FTGI","YEWA","WIWA",1.79798716395815e-16
"FTGI","YEWA","CAWA",1.78342637195871e-16
"FTGI","YEWA","SCTA",0.00719054741068942
"FTGI","YEWA","CHSP",1.69235977719976e-05
"FTGI","YEWA","FISP",2.1792747409228e-16
"FTGI","YEWA","SOSP",0.0182193573600656
"FTGI","YEWA","WTSP",0.195374474966242
"FTGI","YEWA","NOCA",2.26034710943184e-13
"FTGI","YEWA","RBGR",2.15222007673137e-16
"FTGI","YEWA","INBU",0.0318512148546031
"FTGI","YEWA","RWBL",1.58159833961817e-16
"FTGI","YEWA","COGR",0.313630381261607
"FTGI","YEWA","BHCO",1.62609252511486e-16
"FTGI","YEWA","BAOR",2.56531397682488e-16
"FTGI","YEWA","PUFI",1.61305357121389e-16
"FTGI","YEWA","HOFI",0.0101109986141512
"FTGI","YEWA","PISI",2.03330578605996e-16
"FTGI","YEWA","AMGO",2.43101122341558e-16
"FTGI","YEWA","EVGR",2.7204248956836e-16
"FTGI","CSWA","MAWA",0.00280744600942393
"FTGI","CSWA","MYWA",1.30615356102394e-16
"FTGI","CSWA","BAWW",1.17087070549984e-16
"FTGI","CSWA","AMRE",0.000162773938547407
"FTGI","CSWA","OVEN",1.77990766997033e-05
"FTGI","CSWA","MOWA",1.3273431194971e-16
"FTGI","CSWA","COYE",1.15680724176672e-16
"FTGI","CSWA","WIWA",0.367105593180006
"FTGI","CSWA","CAWA",5.76195416229151e-07
"FTGI","CSWA","SCTA",0.563077385732048
"FTGI","CSWA","CHSP",9.6431938289547e-16
"FTGI","CSWA","FISP",0.054652061100424
"FTGI","CSWA","SOSP",0.000161672934555525
"FTGI","CSWA","WTSP",0.102456323673251
"FTGI","CSWA","NOCA",0.721531473226677
"FTGI","CSWA","RBGR",1.69783142317993e-16
"FTGI","CSWA","INBU",0.605162421079299
"FTGI","CSWA","RWBL",5.42274216643579e-06
"FTGI","CSWA","COGR",0.0283438396082179
"FTGI","CSWA","BHCO",8.93301652224387e-06
"FTGI","CSWA","BAOR",1.10109787415253e-16
"FTGI","CSWA","PUFI",9.80256574669931e-17
"FTGI","CSWA","HOFI",0.430685047125197
"FTGI","CSWA","PISI",1.49959548795999e-16
"FTGI","CSWA","AMGO",1.77088965500549e-16
"FTGI","CSWA","EVGR",1.72178379680362e-16
"FTGI","MAWA","MYWA",0.0403271030124211
"FTGI","MAWA","BAWW",0.0399318302260171
"FTGI","MAWA","AMRE",0.492145795909561
"FTGI","MAWA","OVEN",0.369461470787632
"FTGI","MAWA","MOWA",0.0399407323739259
"FTGI","MAWA","COYE",1.3157154188797e-16
"FTGI","MAWA","WIWA",0.0323608236276037
"FTGI","MAWA","CAWA",0.5548144453973
"FTGI","MAWA","SCTA",0.0210002932658075
"FTGI","MAWA","CHSP",1.14599091367136e-16
"FTGI","MAWA","FISP",0.273309647817942
"FTGI","MAWA","SOSP",4.70345181400253e-10
"FTGI","MAWA","WTSP",1.24567960423478e-05
"FTGI","MAWA","NOCA",0.0359537291348376
"FTGI","MAWA","RBGR",0.0362218730133657
"FTGI","MAWA","INBU",0.0416366845053068
"FTGI","MAWA","RWBL",0.40173464355938
"FTGI","MAWA","COGR",3.31632317476194e-06
"FTGI","MAWA","BHCO",0.353242512276397
"FTGI","MAWA","BAOR",0.0398990724770633
"FTGI","MAWA","PUFI",1.63034045173023e-16
"FTGI","MAWA","HOFI",0.0006493549822512
"FTGI","MAWA","PISI",1.52914252601019e-16
"FTGI","MAWA","AMGO",0.0409704613559896
"FTGI","MAWA","EVGR",8.61104864557494e-17
"FTGI","MYWA","BAWW",0.422704078668717
"FTGI","MYWA","AMRE",0.113404035202417
"FTGI","MYWA","OVEN",0.131621050783015
"FTGI","MYWA","MOWA",0.380753688541671
"FTGI","MYWA","COYE",2.00029870033571e-16
"FTGI","MYWA","WIWA",1.58069460480605e-16
"FTGI","MYWA","CAWA",0.0414377336095582
"FTGI","MYWA","SCTA",1.81409500977656e-14
"FTGI","MYWA","CHSP",1.91065207412786e-16
"FTGI","MYWA","FISP",2.45918680287983e-12
"FTGI","MYWA","SOSP",1.45538815873869e-16
"FTGI","MYWA","WTSP",1.40952028501497e-16
"FTGI","MYWA","NOCA",1.39467565767615e-16
"FTGI","MYWA","RBGR",0.733311854395401
"FTGI","MYWA","INBU",1.13235071238258e-11
"FTGI","MYWA","RWBL",0.0596765597372949
"FTGI","MYWA","COGR",1.54799363744662e-16
"FTGI","MYWA","BHCO",0.00963164370838811
"FTGI","MYWA","BAOR",0.231113717760701
"FTGI","MYWA","PUFI",1.7737861326545e-16
"FTGI","MYWA","HOFI",1.11429640986452e-16
"FTGI","MYWA","PISI",2.04346091232479e-16
"FTGI","MYWA","AMGO",0.902887176755328
"FTGI","MYWA","EVGR",1.09786853151784e-16
"FTGI","BAWW","AMRE",0.0255475839741142
"FTGI","BAWW","OVEN",0.0325075275272827
"FTGI","BAWW","MOWA",0.893855383378433
"FTGI","BAWW","COYE",2.02577528714405e-16
"FTGI","BAWW","WIWA",1.43055788591291e-16
"FTGI","BAWW","CAWA",0.00481750809787955
"FTGI","BAWW","SCTA",1.08117610779262e-13
"FTGI","BAWW","CHSP",1.90785694131883e-16
"FTGI","BAWW","FISP",4.00039078912491e-12
"FTGI","BAWW","SOSP",9.54923731592275e-17
"FTGI","BAWW","WTSP",1.41583719813709e-16
"FTGI","BAWW","NOCA",1.10025353871252e-16
"FTGI","BAWW","RBGR",0.258319424847076
"FTGI","BAWW","INBU",1.7418884625296e-11
"FTGI","BAWW","RWBL",0.00724824207442147
"FTGI","BAWW","COGR",1.39479222075888e-16
"FTGI","BAWW","BHCO",0.000488445881069319
"FTGI","BAWW","BAOR",0.721507541511897
"FTGI","BAWW","PUFI",1.41282037721895e-16
"FTGI","BAWW","HOFI",1.05266646846859e-16
"FTGI","BAWW","PISI",2.04859328108304e-16
"FTGI","BAWW","AMGO",0.413713860082429
"FTGI","BAWW","EVGR",1.19873339005689e-16
"FTGI","AMRE","OVEN",0.871670300984231
"FTGI","AMRE","MOWA",0.0189094919362714
"FTGI","AMRE","COYE",1.46640818643928e-16
"FTGI","AMRE","WIWA",0.00267527311292356
"FTGI","AMRE","CAWA",0.682961813935611
"FTGI","AMRE","SCTA",0.00248331846474236
"FTGI","AMRE","CHSP",1.20546163291734e-16
"FTGI","AMRE","FISP",0.0863691307293568
"FTGI","AMRE","SOSP",4.28137655675693e-10
"FTGI","AMRE","WTSP",1.9504275123457e-06
"FTGI","AMRE","NOCA",0.00424929961542921
"FTGI","AMRE","RBGR",0.0460489903389991
"FTGI","AMRE","INBU",0.0067588569973835
"FTGI","AMRE","RWBL",0.829659847055462
"FTGI","AMRE","COGR",1.93817234735348e-07
"FTGI","AMRE","BHCO",0.60103536339174
"FTGI","AMRE","BAOR",0.00237362369494373
"FTGI","AMRE","PUFI",1.29632053864915e-16
"FTGI","AMRE","HOFI",4.50188362174312e-05
"FTGI","AMRE","PISI",1.51801028186715e-16
"FTGI","AMRE","AMGO",0.0941190841873696
"FTGI","AMRE","EVGR",1.00821107028568e-16
"FTGI","OVEN","MOWA",0.0243219240413925
"FTGI","OVEN","COYE",1.53403713596164e-16
"FTGI","OVEN","WIWA",0.000882193625013541
"FTGI","OVEN","CAWA",0.6184850903448
"FTGI","OVEN","SCTA",0.00108327741863925
"FTGI","OVEN","CHSP",1.32011766338685e-16
"FTGI","OVEN","FISP",0.0481173355157754
"FTGI","OVEN","SOSP",1.451806172985e-12
"FTGI","OVEN","WTSP",8.37200258535832e-08
"FTGI","OVEN","NOCA",0.0018865422534639
"FTGI","OVEN","RBGR",0.0615442442470152
"FTGI","OVEN","INBU",0.00391371289540301
"FTGI","OVEN","RWBL",0.866695346395489
"FTGI","OVEN","COGR",2.02459274342456e-10
"FTGI","OVEN","BHCO",0.642833403153382
"FTGI","OVEN","BAOR",0.00270666903326366
"FTGI","OVEN","PUFI",1.5045246262762e-16
"FTGI","OVEN","HOFI",3.0607978640535e-06
"FTGI","OVEN","PISI",1.59030833537491e-16
"FTGI","OVEN","AMGO",0.1096091447135
"FTGI","OVEN","EVGR",7.12861189878412e-17
"FTGI","MOWA","COYE",1.70829347805118e-16
"FTGI","MOWA","WIWA",1.83823485640516e-16
"FTGI","MOWA","CAWA",0.0029422303642178
"FTGI","MOWA","SCTA",1.36552030484851e-14
"FTGI","MOWA","CHSP",1.63861914034041e-16
"FTGI","MOWA","FISP",1.52420865778338e-13
"FTGI","MOWA","SOSP",1.08972138464575e-16
"FTGI","MOWA","WTSP",1.49235904684733e-16
"FTGI","MOWA","NOCA",1.305802956773e-16
"FTGI","MOWA","RBGR",0.213737920211437
"FTGI","MOWA","INBU",2.22974841530429e-12
"FTGI","MOWA","RWBL",0.00423840993972658
"FTGI","MOWA","COGR",1.35743052175225e-16
"FTGI","MOWA","BHCO",0.000220348512088189
"FTGI","MOWA","BAOR",0.719735351815392
"FTGI","MOWA","PUFI",1.29928092691954e-16
"FTGI","MOWA","HOFI",1.20571349645144e-16
"FTGI","MOWA","PISI",1.74969760041101e-16
"FTGI","MOWA","AMGO",0.372555630002356
"FTGI","MOWA","EVGR",1.35703601928702e-16
"FTGI","COYE","WIWA",1.497774993975e-16
"FTGI","COYE","CAWA",1.44134541121016e-16
"FTGI","COYE","SCTA",2.85445345487851e-13
"FTGI","COYE","CHSP",0.751819043648878
"FTGI","COYE","FISP",1.42701428803993e-16
"FTGI","COYE","SOSP",0.269573878141975
"FTGI","COYE","WTSP",0.000612974554304642
"FTGI","COYE","NOCA",1.22218542028484e-16
"FTGI","COYE","RBGR",2.25039338292236e-16
"FTGI","COYE","INBU",1.08606097366384e-08
"FTGI","COYE","RWBL",1.47077376735924e-16
"FTGI","COYE","COGR",7.28934053821736e-08
"FTGI","COYE","BHCO",1.63561936119341e-16
"FTGI","COYE","BAOR",1.85957968379334e-16
"FTGI","COYE","PUFI",0.279218238755323
"FTGI","COYE","HOFI",2.88868079328808e-15
"FTGI","COYE","PISI",0.559680842137381
"FTGI","COYE","AMGO",2.46516325849994e-16
"FTGI","COYE","EVGR",9.52369453161016e-17
"FTGI","WIWA","CAWA",6.76358060584594e-05
"FTGI","WIWA","SCTA",0.23460097914114
"FTGI","WIWA","CHSP",1.65145201598759e-16
"FTGI","WIWA","FISP",0.236329750365447
"FTGI","WIWA","SOSP",6.25594223248652e-07
"FTGI","WIWA","WTSP",0.00763647381959412
"FTGI","WIWA","NOCA",0.527876333638534
"FTGI","WIWA","RBGR",1.86776226840277e-16
"FTGI","WIWA","INBU",0.649000178625349
"FTGI","WIWA","RWBL",0.000510705575186654
"FTGI","WIWA","COGR",0.0249758863875139
"FTGI","WIWA","BHCO",0.00113685980659808
"FTGI","WIWA","BAOR",1.554655839718e-16
"FTGI","WIWA","PUFI",1.12831385778275e-16
"FTGI","WIWA","HOFI",0.0827836664662985
"FTGI","WIWA","PISI",1.58047482954541e-16
"FTGI","WIWA","AMGO",2.09861501773224e-16
"FTGI","WIWA","EVGR",1.20793713250031e-16
"FTGI","CAWA","SCTA",0.000155530106602938
"FTGI","CAWA","CHSP",1.30936771208465e-16
"FTGI","CAWA","FISP",0.0475930584691925
"FTGI","CAWA","SOSP",4.19661527360069e-14
"FTGI","CAWA","WTSP",3.08767442905899e-09
"FTGI","CAWA","NOCA",0.000219339481794833
"FTGI","CAWA","RBGR",0.00703749946152635
"FTGI","CAWA","INBU",0.000968271694011635
"FTGI","CAWA","RWBL",0.642150771553688
"FTGI","CAWA","COGR",1.89855620077504e-13
"FTGI","CAWA","BHCO",0.546302362681769
"FTGI","CAWA","BAOR",7.80224087659538e-05
"FTGI","CAWA","PUFI",1.61505645151737e-16
"FTGI","CAWA","HOFI",7.37426248611964e-08
"FTGI","CAWA","PISI",1.61296395228905e-16
"FTGI","CAWA","AMGO",0.0403518225656009
"FTGI","CAWA","EVGR",1.11268604160333e-16
"FTGI","SCTA","CHSP",9.99815327269137e-08
"FTGI","SCTA","FISP",0.121883095164698
"FTGI","SCTA","SOSP",0.00328089222445607
"FTGI","SCTA","WTSP",0.291771072429942
"FTGI","SCTA","NOCA",0.430439997955071
"FTGI","SCTA","RBGR",1.33475352014822e-16
"FTGI","SCTA","INBU",0.497588503149138
"FTGI","SCTA","RWBL",0.000711378747584453
"FTGI","SCTA","COGR",0.110747884039944
"FTGI","SCTA","BHCO",0.00125190962051586
"FTGI","SCTA","BAOR",1.23333843495138e-16
"FTGI","SCTA","PUFI",3.92291572957649e-15
"FTGI","SCTA","HOFI",0.798051050635068
"FTGI","SCTA","PISI",5.23759245995888e-15
"FTGI","SCTA","AMGO",5.38191027239765e-13
"FTGI","SCTA","EVGR",1.73926462990848e-16
"FTGI","CHSP","FISP",1.31907936734127e-16
"FTGI","CHSP","SOSP",0.378474988929879
"FTGI","CHSP","WTSP",0.0240703659569459
"FTGI","CHSP","NOCA",1.44497381237414e-16
"FTGI","CHSP","RBGR",2.3913561383769e-16
"FTGI","CHSP","INBU",5.12449059606849e-05
"FTGI","CHSP","RWBL",1.33980048960585e-16
"FTGI","CHSP","COGR",0.00335930839025806
"FTGI","CHSP","BHCO",1.43177309520322e-16
"FTGI","CHSP","BAOR",1.83643633190113e-16
"FTGI","CHSP","PUFI",0.320463069762361
"FTGI","CHSP","HOFI",2.6356435451036e-08
"FTGI","CHSP","PISI",0.621473518513413
"FTGI","CHSP","AMGO",2.53378966007632e-16
"FTGI","CHSP","EVGR",1.20888447733953e-16
"FTGI","FISP","SOSP",3.94956497253112e-09
"FTGI","FISP","WTSP",0.000210575794546862
"FTGI","FISP","NOCA",0.171373593932441
"FTGI","FISP","RBGR",1.77946940029682e-16
"FTGI","FISP","INBU",0.212537037669795
"FTGI","FISP","RWBL",0.0826983923362401
"FTGI","FISP","COGR",0.000520319516049082
"FTGI","FISP","BHCO",0.113253880280712
"FTGI","FISP","BAOR",2.12703571039477e-16
"FTGI","FISP","PUFI",1.12627938638645e-16
"FTGI","FISP","HOFI",0.0136775090186993
"FTGI","FISP","PISI",1.52176996334672e-16
"FTGI","FISP","AMGO",1.38599397665987e-10
"FTGI","FISP","EVGR",1.16319729549082e-16
"FTGI","SOSP","WTSP",0.119395871314757
"FTGI","SOSP","NOCA",4.47139699674368e-05
"FTGI","SOSP","RBGR",2.3411330989959e-16
"FTGI","SOSP","INBU",0.0128777818586842
"FTGI","SOSP","RWBL",3.87328660134154e-13
"FTGI","SOSP","COGR",0.0580408360472374
"FTGI","SOSP","BHCO",9.62381945077073e-14
"FTGI","SOSP","BAOR",1.12694399769243e-16
"FTGI","SOSP","PUFI",0.263388985874443
"FTGI","SOSP","HOFI",0.00349805933373612
"FTGI","SOSP","PISI",0.195996649995554
"FTGI","SOSP","AMGO",2.18402372336786e-16
"FTGI","SOSP","EVGR",3.04366690607875e-07
"FTGI","WTSP","NOCA",0.0510006290778357
"FTGI","WTSP","RBGR",2.00986084079127e-16
"FTGI","WTSP","INBU",0.162345144865158
"FTGI","WTSP","RWBL",2.78507884575975e-08
"FTGI","WTSP","COGR",0.583237123130016
"FTGI","WTSP","BHCO",1.73587445641673e-08
"FTGI","WTSP","BAOR",1.36517010821352e-16
"FTGI","WTSP","PUFI",4.34859762311303e-05
"FTGI","WTSP","HOFI",0.34522407382284
"FTGI","WTSP","PISI",0.00012571183949925
"FTGI","WTSP","AMGO",1.89934248782956e-16
"FTGI","WTSP","EVGR",1.84140286012741e-16
"FTGI","NOCA","RBGR",1.63296525398664e-16
"FTGI","NOCA","INBU",0.716099233493231
"FTGI","NOCA","RWBL",0.00126402270651158
"FTGI","NOCA","COGR",0.0255074410632607
"FTGI","NOCA","BHCO",0.00261755175402029
"FTGI","NOCA","BAOR",1.14301054903405e-16
"FTGI","NOCA","PUFI",1.07060050515851e-16
"FTGI","NOCA","HOFI",0.241412893573441
"FTGI","NOCA","PISI",1.56118782313808e-16
"FTGI","NOCA","AMGO",1.76311045362211e-16
"FTGI","NOCA","EVGR",1.15136156173558e-16
"FTGI","RBGR","INBU",3.86746772722231e-15
"FTGI","RBGR","RWBL",0.0126165238950302
"FTGI","RBGR","COGR",1.83453952357062e-16
"FTGI","RBGR","BHCO",0.000256559989138287
"FTGI","RBGR","BAOR",0.0816331153167941
"FTGI","RBGR","PUFI",2.27573454845267e-16
"FTGI","RBGR","HOFI",1.31061591471674e-16
"FTGI","RBGR","PISI",2.64263627609909e-16
"FTGI","RBGR","AMGO",0.724546878062257
"FTGI","RBGR","EVGR",1.22814361667041e-16
"FTGI","INBU","RWBL",0.00325120987649125
"FTGI","INBU","COGR",0.1226412266453
"FTGI","INBU","BHCO",0.00541396646979843
"FTGI","INBU","BAOR",1.05998975107268e-14
"FTGI","INBU","PUFI",2.5848461064155e-10
"FTGI","INBU","HOFI",0.329230935657007
"FTGI","INBU","PISI",8.28181367725637e-10
"FTGI","INBU","AMGO",1.74771031703856e-10
"FTGI","INBU","EVGR",1.71327483954209e-16
"FTGI","RWBL","COGR",9.32544687586546e-12
"FTGI","RWBL","BHCO",0.751665192704651
"FTGI","RWBL","BAOR",0.000134403399966011
"FTGI","RWBL","PUFI",1.40954692929095e-16
"FTGI","RWBL","HOFI",8.87541098715261e-07
"FTGI","RWBL","PISI",1.60941231284068e-16
"FTGI","RWBL","AMGO",0.0516832074120507
"FTGI","RWBL","EVGR",8.2599566544896e-17
"FTGI","COGR","BHCO",9.13911131029023e-13
"FTGI","COGR","BAOR",1.50654988843677e-16
"FTGI","COGR","PUFI",1.53748247868752e-10
"FTGI","COGR","HOFI",0.137951284814052
"FTGI","COGR","PISI",7.23255151307239e-10
"FTGI","COGR","AMGO",1.94217353686759e-16
"FTGI","COGR","EVGR",2.36516887541027e-16
"FTGI","BHCO","BAOR",1.09280820859711e-06
"FTGI","BHCO","PUFI",1.55332389805969e-16
"FTGI","BHCO","HOFI",1.11898266284026e-06
"FTGI","BHCO","PISI",1.7968971442884e-16
"FTGI","BHCO","AMGO",0.013638262476205
"FTGI","BHCO","EVGR",7.19902826727718e-17
"FTGI","BAOR","PUFI",1.39585160758509e-16
"FTGI","BAOR","HOFI",9.0965768633037e-17
"FTGI","BAOR","PISI",1.81868143519813e-16
"FTGI","BAOR","AMGO",0.222049448182832
"FTGI","BAOR","EVGR",1.39107026867444e-16
"FTGI","PUFI","HOFI",8.07976026302018e-17
"FTGI","PUFI","PISI",0.414003304861604
"FTGI","PUFI","AMGO",2.41964414547181e-16
"FTGI","PUFI","EVGR",8.91716748946424e-17
"FTGI","HOFI","PISI",1.41049743999225e-16
"FTGI","HOFI","AMGO",1.37688006455219e-16
"FTGI","HOFI","EVGR",1.92757736102134e-16
"FTGI","PISI","AMGO",2.64953457601939e-16
"FTGI","PISI","EVGR",1.03380548781105e-16
"FTGI","AMGO","EVGR",1.13663176358133e-16
